date,weekday,money_in_rm,in_txn_count,money_out_rm,out_txn_count,net_flow_rm,large_outflow_rm,has_large_outflow
2026-01-26,Monday,501.22,35,0.0,0,501.22,0.0,False
2026-01-27,Tuesday,506.08,24,72.41,1,433.67,0.0,False
2026-01-28,Wednesday,661.36,34,1769.04,2,-1107.68,1713.66,True
2026-01-29,Thursday,727.42,32,54.09,1,673.33,0.0,False
2026-01-30,Friday,976.49,46,71.42,1,905.07,0.0,False
2026-01-31,Saturday,1295.45,59,0.0,0,1295.45,0.0,False
2026-02-01,Sunday,267.32,11,45.1,1,222.22,0.0,False
2026-02-02,Monday,397.88,18,159.12,2,238.76,0.0,False
2026-02-03,Tuesday,420.28,22,33.72,1,386.56,0.0,False
2026-02-04,Wednesday,549.57,23,29.01,1,520.56,0.0,False
2026-02-05,Thursday,624.81,33,1863.39,1,-1238.58,1863.39,True
2026-02-06,Friday,735.36,35,71.39,1,663.97,0.0,False
2026-02-07,Saturday,895.97,51,0.0,0,895.97,0.0,False
2026-02-08,Sunday,268.79,16,0.0,0,268.79,0.0,False
2026-02-09,Monday,434.36,18,0.0,0,434.36,0.0,False
2026-02-10,Tuesday,475.56,23,125.56,2,350.0,0.0,False
2026-02-11,Wednesday,580.45,25,0.0,0,580.45,0.0,False
2026-02-12,Thursday,565.44,27,70.58,1,494.86,0.0,False
2026-02-13,Friday,838.98,59,1802.1,3,-963.12,0.0,False
2026-02-14,Saturday,976.02,52,93.16,1,882.86,0.0,False
2026-02-15,Sunday,309.66,17,63.72,1,245.94,0.0,False
2026-02-16,Monday,495.45,24,0.0,0,495.45,0.0,False
2026-02-17,Tuesday,455.45,19,0.0,0,455.45,0.0,False
2026-02-18,Wednesday,539.97,30,0.0,0,539.97,0.0,False
2026-02-19,Thursday,587.67,41,90.0,1,497.67,0.0,False
2026-02-20,Friday,761.98,52,45.13,1,716.85,0.0,False
2026-02-21,Saturday,958.52,42,1686.07,1,-727.55,0.0,False
2026-02-22,Sunday,283.31,14,0.0,0,283.31,0.0,False
2026-02-23,Monday,469.2,24,103.22,2,365.98,0.0,False
2026-02-24,Tuesday,435.59,26,45.78,1,389.81,0.0,False
2026-02-25,Wednesday,617.15,38,57.34,2,559.81,0.0,False
2026-02-26,Thursday,580.81,39,125.8,2,455.01,0.0,False
2026-02-27,Friday,900.83,59,34.01,1,866.82,0.0,False
2026-02-28,Saturday,971.06,57,149.46,2,821.6,0.0,False
2026-03-01,Sunday,331.93,16,1940.16,2,-1608.23,1924.2,True
2026-03-02,Monday,442.22,27,34.41,1,407.81,0.0,False
2026-03-03,Tuesday,472.83,32,0.0,0,472.83,0.0,False
2026-03-04,Wednesday,611.91,28,0.0,0,611.91,0.0,False
2026-03-05,Thursday,653.43,27,0.0,0,653.43,0.0,False
2026-03-06,Friday,954.34,46,84.83,2,869.51,0.0,False
2026-03-07,Saturday,808.67,37,19.43,1,789.24,0.0,False
2026-03-08,Sunday,268.69,18,136.13,2,132.56,0.0,False
2026-03-09,Monday,449.71,23,1748.38,2,-1298.67,0.0,False
2026-03-10,Tuesday,437.95,23,48.85,1,389.1,0.0,False
2026-03-11,Wednesday,506.3,31,0.0,0,506.3,0.0,False
2026-03-12,Thursday,560.52,23,0.0,0,560.52,0.0,False
2026-03-13,Friday,831.06,39,86.01,1,745.05,0.0,False
2026-03-14,Saturday,983.05,57,0.0,0,983.05,0.0,False
2026-03-15,Sunday,282.96,12,0.0,0,282.96,0.0,False
2026-03-16,Monday,502.28,24,75.89,1,426.39,0.0,False
2026-03-17,Tuesday,489.3,23,1929.08,2,-1439.78,1877.45,True
2026-03-18,Wednesday,566.87,24,93.51,1,473.36,0.0,False
2026-03-19,Thursday,726.62,33,0.0,0,726.62,0.0,False
2026-03-20,Friday,720.81,30,126.41,2,594.4,0.0,False
2026-03-21,Saturday,1010.58,58,86.73,1,923.85,0.0,False
2026-03-22,Sunday,280.93,16,0.0,0,280.93,0.0,False
2026-03-23,Monday,462.18,23,71.01,1,391.17,0.0,False
2026-03-24,Tuesday,489.45,33,0.0,0,489.45,0.0,False
2026-03-25,Wednesday,568.32,25,1958.14,2,-1389.82,1904.64,True
2026-03-26,Thursday,720.91,40,71.19,2,649.72,0.0,False
2026-03-27,Friday,971.57,58,0.0,0,971.57,0.0,False
2026-03-28,Saturday,1173.33,53,0.0,0,1173.33,0.0,False
2026-03-29,Sunday,305.47,18,85.22,2,220.25,0.0,False
2026-03-30,Monday,549.03,31,46.26,1,502.77,0.0,False
2026-03-31,Tuesday,534.8,33,34.31,1,500.49,0.0,False
2026-04-01,Wednesday,606.53,33,83.68,1,522.85,0.0,False
2026-04-02,Thursday,624.54,31,1942.4,1,-1317.86,1942.4,True
2026-04-03,Friday,826.17,54,75.41,1,750.76,0.0,False
2026-04-04,Saturday,983.9,52,0.0,0,983.9,0.0,False
2026-04-05,Sunday,283.95,14,0.0,0,283.95,0.0,False
2026-04-06,Monday,476.97,21,34.49,1,442.48,0.0,False
2026-04-07,Tuesday,480.69,23,0.0,0,480.69,0.0,False
2026-04-08,Wednesday,576.66,28,0.0,0,576.66,0.0,False
2026-04-09,Thursday,655.32,42,26.72,1,628.6,0.0,False
2026-04-10,Friday,811.79,49,2115.44,1,-1303.65,2115.44,True
2026-04-11,Saturday,1186.31,64,0.0,0,1186.31,0.0,False
2026-04-12,Sunday,360.73,15,0.0,0,360.73,0.0,False
2026-04-13,Monday,530.14,31,93.55,1,436.59,0.0,False
2026-04-14,Tuesday,535.34,30,0.0,0,535.34,0.0,False
2026-04-15,Wednesday,564.48,35,50.05,1,514.43,0.0,False
2026-04-16,Thursday,708.8,34,0.0,0,708.8,0.0,False
2026-04-17,Friday,1003.15,64,80.07,1,923.08,0.0,False
2026-04-18,Saturday,1090.76,76,1711.79,1,-621.03,1711.79,True
2026-04-19,Sunday,342.33,23,48.78,1,293.55,0.0,False
2026-04-20,Monday,545.74,26,47.92,1,497.82,0.0,False
2026-04-21,Tuesday,561.22,35,0.0,0,561.22,0.0,False
2026-04-22,Wednesday,583.52,35,0.0,0,583.52,0.0,False
2026-04-23,Thursday,654.84,29,17.61,1,637.23,0.0,False
2026-04-24,Friday,989.66,42,64.15,1,925.51,0.0,False
2026-04-25,Saturday,1316.38,75,0.0,0,1316.38,0.0,False
