datetime,amount_rm
2026-01-26 07:04:45,10.80
2026-01-26 07:37:35,15.75
2026-01-26 07:38:20,34.05
2026-01-26 07:43:46,11.39
2026-01-26 07:46:56,31.07
2026-01-26 08:14:04,4.08
2026-01-26 08:55:21,29.56
2026-01-26 09:05:46,10.05
2026-01-26 09:24:24,7.81
2026-01-26 10:43:56,6.55
2026-01-26 10:55:40,36.78
2026-01-26 11:08:42,19.44
2026-01-26 12:32:58,3.66
2026-01-26 12:34:49,10.26
2026-01-26 13:09:23,14.86
2026-01-26 13:45:19,36.03
2026-01-26 14:04:21,7.58
2026-01-26 14:37:14,16.64
2026-01-26 14:56:36,18.84
2026-01-26 15:32:48,9.32
2026-01-26 15:33:55,5.32
2026-01-26 15:49:41,1.71
2026-01-26 16:15:03,3.87
2026-01-26 16:53:40,31.22
2026-01-26 17:07:18,19.53
2026-01-26 18:28:57,6.38
2026-01-26 18:56:53,3.33
2026-01-26 19:42:41,8.74
2026-01-26 20:10:29,6.59
2026-01-26 20:13:59,15.59
2026-01-26 21:07:15,19.81
2026-01-26 21:33:16,24.73
2026-01-26 22:01:07,6.75
2026-01-26 22:35:10,5.50
2026-01-26 22:52:04,7.63
2026-01-27 07:42:52,8.14
2026-01-27 08:39:05,18.16
2026-01-27 09:00:29,24.38
2026-01-27 09:43:55,10.25
2026-01-27 09:56:15,12.05
2026-01-27 10:04:34,20.99
2026-01-27 10:47:35,8.24
2026-01-27 10:56:08,4.30
2026-01-27 11:17:18,5.29
2026-01-27 11:59:22,16.31
2026-01-27 12:43:40,-72.41
2026-01-27 13:32:16,17.21
2026-01-27 13:42:45,9.40
2026-01-27 14:25:07,20.37
2026-01-27 14:37:38,5.98
2026-01-27 15:07:56,21.84
2026-01-27 16:29:20,19.02
2026-01-27 16:39:51,24.69
2026-01-27 16:59:42,23.92
2026-01-27 17:15:16,18.09
2026-01-27 17:59:16,17.28
2026-01-27 18:18:10,19.55
2026-01-27 19:08:42,11.50
2026-01-27 20:42:37,38.42
2026-01-27 21:53:34,130.70
2026-01-28 07:19:18,30.89
2026-01-28 07:57:48,2.65
2026-01-28 09:29:26,30.35
2026-01-28 10:29:08,21.66
2026-01-28 10:46:57,3.82
2026-01-28 10:49:27,11.35
2026-01-28 11:01:02,9.28
2026-01-28 12:39:36,15.02
2026-01-28 12:42:05,43.31
2026-01-28 13:26:42,15.19
2026-01-28 13:27:50,23.77
2026-01-28 13:28:16,-1713.66
2026-01-28 13:45:44,11.95
2026-01-28 14:09:41,21.14
2026-01-28 14:11:51,25.93
2026-01-28 14:30:39,14.46
2026-01-28 14:43:19,33.86
2026-01-28 14:51:12,3.24
2026-01-28 14:58:54,3.52
2026-01-28 16:25:35,14.76
2026-01-28 16:32:19,13.87
2026-01-28 16:32:42,31.13
2026-01-28 16:35:08,23.83
2026-01-28 17:05:52,10.91
2026-01-28 17:28:57,-55.38
2026-01-28 17:29:28,8.03
2026-01-28 17:39:20,11.01
2026-01-28 17:48:57,37.51
2026-01-28 19:31:25,42.02
2026-01-28 19:43:47,17.57
2026-01-28 20:20:25,18.08
2026-01-28 21:03:35,43.91
2026-01-28 21:39:52,17.66
2026-01-28 21:42:33,32.56
2026-01-28 21:43:13,8.52
2026-01-28 22:50:57,8.60
2026-01-29 07:59:19,8.75
2026-01-29 08:22:34,28.31
2026-01-29 09:17:56,16.08
2026-01-29 09:32:41,60.71
2026-01-29 10:27:23,18.28
2026-01-29 10:49:52,20.64
2026-01-29 10:50:36,2.47
2026-01-29 12:19:06,11.99
2026-01-29 12:31:13,11.59
2026-01-29 13:04:37,19.46
2026-01-29 13:05:15,7.30
2026-01-29 14:06:44,21.94
2026-01-29 14:53:59,15.66
2026-01-29 15:20:54,9.96
2026-01-29 15:35:00,12.14
2026-01-29 15:39:51,35.08
2026-01-29 16:54:43,47.65
2026-01-29 17:00:54,42.73
2026-01-29 17:17:56,61.62
2026-01-29 18:10:38,22.90
2026-01-29 18:51:16,3.25
2026-01-29 19:21:01,22.16
2026-01-29 19:25:45,8.83
2026-01-29 20:11:46,61.96
2026-01-29 20:42:23,18.33
2026-01-29 20:52:31,13.48
2026-01-29 21:15:44,-54.09
2026-01-29 21:15:48,13.69
2026-01-29 21:36:39,19.77
2026-01-29 21:44:16,13.65
2026-01-29 21:45:09,52.49
2026-01-29 22:29:27,20.10
2026-01-29 22:54:20,4.45
2026-01-30 07:42:55,1.95
2026-01-30 07:48:43,14.85
2026-01-30 08:13:17,9.11
2026-01-30 08:29:05,14.94
2026-01-30 10:29:07,5.04
2026-01-30 10:49:25,4.74
2026-01-30 11:31:59,6.89
2026-01-30 11:55:04,14.60
2026-01-30 11:59:18,12.98
2026-01-30 12:21:26,10.72
2026-01-30 12:30:33,18.06
2026-01-30 12:37:27,27.66
2026-01-30 13:33:23,5.30
2026-01-30 14:36:24,21.30
2026-01-30 14:43:53,21.83
2026-01-30 14:45:10,18.57
2026-01-30 14:54:49,82.03
2026-01-30 15:26:53,6.07
2026-01-30 15:36:02,12.79
2026-01-30 15:49:50,12.39
2026-01-30 15:52:00,7.57
2026-01-30 16:32:45,33.10
2026-01-30 16:35:00,14.98
2026-01-30 16:46:19,9.00
2026-01-30 17:16:20,15.19
2026-01-30 17:42:06,15.74
2026-01-30 17:55:12,13.95
2026-01-30 18:21:35,21.37
2026-01-30 18:26:21,12.27
2026-01-30 19:12:58,22.96
2026-01-30 19:29:59,15.26
2026-01-30 19:52:48,47.92
2026-01-30 20:02:20,31.40
2026-01-30 20:05:14,20.86
2026-01-30 20:21:59,53.13
2026-01-30 21:24:24,-71.42
2026-01-30 21:26:03,23.43
2026-01-30 21:34:30,60.08
2026-01-30 21:35:09,19.88
2026-01-30 21:56:44,20.25
2026-01-30 21:58:17,16.95
2026-01-30 22:05:30,22.12
2026-01-30 22:07:01,32.53
2026-01-30 22:18:42,14.13
2026-01-30 22:30:15,27.77
2026-01-30 22:40:28,29.45
2026-01-30 22:55:09,53.38
2026-01-31 07:03:30,15.66
2026-01-31 07:03:50,23.15
2026-01-31 07:08:00,11.56
2026-01-31 07:11:16,35.44
2026-01-31 07:17:54,11.67
2026-01-31 08:08:47,9.50
2026-01-31 08:19:31,15.00
2026-01-31 09:20:38,74.68
2026-01-31 09:30:28,10.13
2026-01-31 10:06:15,12.62
2026-01-31 10:08:02,10.58
2026-01-31 10:20:27,14.41
2026-01-31 10:28:32,6.58
2026-01-31 10:31:45,13.88
2026-01-31 10:42:55,14.43
2026-01-31 10:53:31,29.82
2026-01-31 10:54:41,21.78
2026-01-31 11:04:08,57.27
2026-01-31 11:08:34,30.30
2026-01-31 11:24:29,20.62
2026-01-31 11:50:57,98.77
2026-01-31 11:56:26,25.15
2026-01-31 13:04:53,28.47
2026-01-31 13:27:28,14.90
2026-01-31 13:37:13,17.60
2026-01-31 13:41:40,29.72
2026-01-31 14:21:49,21.25
2026-01-31 14:26:21,6.16
2026-01-31 14:37:20,55.76
2026-01-31 14:39:02,25.77
2026-01-31 14:41:04,5.35
2026-01-31 15:12:07,7.95
2026-01-31 15:39:40,17.73
2026-01-31 15:51:11,11.76
2026-01-31 16:29:32,29.19
2026-01-31 16:29:41,13.85
2026-01-31 16:41:26,4.47
2026-01-31 17:15:08,26.45
2026-01-31 17:24:38,36.43
2026-01-31 17:42:16,14.08
2026-01-31 17:58:39,5.38
2026-01-31 18:03:25,15.53
2026-01-31 18:06:43,3.74
2026-01-31 18:13:28,7.52
2026-01-31 18:32:37,38.00
2026-01-31 18:34:57,16.23
2026-01-31 18:42:47,25.73
2026-01-31 18:50:50,2.13
2026-01-31 19:27:43,40.49
2026-01-31 20:06:50,15.00
2026-01-31 20:17:02,9.42
2026-01-31 20:33:07,9.15
2026-01-31 20:37:47,18.55
2026-01-31 21:04:57,10.82
2026-01-31 21:05:42,24.66
2026-01-31 21:15:54,2.51
2026-01-31 21:25:26,35.86
2026-01-31 21:58:44,57.43
2026-01-31 22:01:39,27.41
2026-02-01 07:05:47,11.81
2026-02-01 07:38:59,27.60
2026-02-01 11:36:42,17.01
2026-02-01 15:01:11,27.94
2026-02-01 15:36:14,6.51
2026-02-01 15:44:48,7.76
2026-02-01 16:21:10,-45.10
2026-02-01 16:58:21,36.01
2026-02-01 18:00:11,71.87
2026-02-01 18:07:48,5.30
2026-02-01 19:04:09,11.38
2026-02-01 20:54:35,44.13
2026-02-02 09:11:49,4.98
2026-02-02 10:15:27,19.02
2026-02-02 10:25:01,44.70
2026-02-02 10:33:32,10.17
2026-02-02 11:15:06,8.91
2026-02-02 11:16:12,35.85
2026-02-02 12:04:32,1.31
2026-02-02 12:38:09,55.10
2026-02-02 13:57:49,11.73
2026-02-02 14:09:28,-92.68
2026-02-02 17:10:51,8.26
2026-02-02 17:14:21,17.02
2026-02-02 18:05:27,32.07
2026-02-02 18:20:55,-66.44
2026-02-02 18:22:46,1.32
2026-02-02 19:33:05,18.49
2026-02-02 19:55:19,33.48
2026-02-02 21:43:59,36.43
2026-02-02 21:53:44,33.09
2026-02-02 22:29:48,25.95
2026-02-03 07:23:19,13.36
2026-02-03 08:26:23,4.45
2026-02-03 08:42:21,7.85
2026-02-03 09:19:35,4.89
2026-02-03 09:41:42,23.31
2026-02-03 10:32:49,17.86
2026-02-03 11:09:04,20.77
2026-02-03 11:10:11,13.96
2026-02-03 11:21:05,12.70
2026-02-03 11:38:24,12.01
2026-02-03 11:58:22,4.03
2026-02-03 12:13:21,5.91
2026-02-03 12:19:51,-33.72
2026-02-03 12:46:28,44.05
2026-02-03 14:28:39,31.63
2026-02-03 16:41:44,12.96
2026-02-03 16:48:47,35.86
2026-02-03 16:54:50,10.82
2026-02-03 17:52:08,20.89
2026-02-03 19:08:38,4.06
2026-02-03 19:41:50,57.33
2026-02-03 20:32:23,47.44
2026-02-03 22:12:14,14.14
2026-02-04 07:16:13,11.72
2026-02-04 07:22:50,17.96
2026-02-04 07:24:55,20.40
2026-02-04 07:40:32,44.88
2026-02-04 09:22:15,4.15
2026-02-04 09:33:23,63.17
2026-02-04 09:33:34,20.92
2026-02-04 10:03:15,10.32
2026-02-04 10:49:37,25.01
2026-02-04 11:35:46,31.40
2026-02-04 14:45:09,8.65
2026-02-04 16:15:19,26.84
2026-02-04 16:27:00,10.25
2026-02-04 17:08:02,51.67
2026-02-04 18:15:36,27.49
2026-02-04 18:34:21,34.97
2026-02-04 19:23:16,7.45
2026-02-04 20:07:49,53.46
2026-02-04 20:11:42,7.09
2026-02-04 20:40:50,34.07
2026-02-04 21:04:07,5.00
2026-02-04 21:43:29,-29.01
2026-02-04 22:02:40,13.03
2026-02-04 22:38:34,19.67
2026-02-05 08:53:07,14.93
2026-02-05 09:04:19,18.26
2026-02-05 09:08:20,31.25
2026-02-05 09:28:29,21.33
2026-02-05 09:35:34,30.03
2026-02-05 10:16:49,8.70
2026-02-05 11:15:50,11.54
2026-02-05 11:19:10,2.91
2026-02-05 11:37:37,-1863.39
2026-02-05 11:39:56,13.68
2026-02-05 11:54:04,13.24
2026-02-05 12:20:59,18.43
2026-02-05 12:45:45,16.38
2026-02-05 12:49:08,17.93
2026-02-05 12:50:23,8.85
2026-02-05 13:39:18,3.15
2026-02-05 14:07:12,15.12
2026-02-05 14:22:33,18.17
2026-02-05 15:08:40,8.85
2026-02-05 15:12:40,13.20
2026-02-05 15:45:28,35.31
2026-02-05 16:54:05,7.18
2026-02-05 16:57:19,45.97
2026-02-05 17:42:22,29.36
2026-02-05 18:08:56,56.01
2026-02-05 18:29:51,12.47
2026-02-05 19:45:46,8.17
2026-02-05 20:32:58,10.50
2026-02-05 20:52:36,17.80
2026-02-05 21:05:51,19.46
2026-02-05 21:11:57,16.31
2026-02-05 22:01:23,17.36
2026-02-05 22:12:07,44.65
2026-02-05 22:33:26,18.31
2026-02-06 07:23:21,52.85
2026-02-06 07:38:30,17.08
2026-02-06 08:02:08,25.67
2026-02-06 08:45:08,3.39
2026-02-06 10:08:06,31.91
2026-02-06 10:12:01,18.39
2026-02-06 10:26:37,6.18
2026-02-06 11:12:38,22.07
2026-02-06 11:20:59,11.24
2026-02-06 11:26:44,2.13
2026-02-06 13:15:17,4.28
2026-02-06 13:26:32,18.70
2026-02-06 13:35:20,17.25
2026-02-06 14:02:36,11.72
2026-02-06 14:46:03,11.02
2026-02-06 15:39:30,8.13
2026-02-06 15:41:50,9.73
2026-02-06 16:14:19,36.41
2026-02-06 16:30:52,31.70
2026-02-06 16:37:21,17.80
2026-02-06 16:50:57,21.30
2026-02-06 17:10:25,3.77
2026-02-06 17:11:29,36.36
2026-02-06 17:34:22,14.63
2026-02-06 17:35:23,3.18
2026-02-06 17:51:30,24.93
2026-02-06 19:09:52,12.18
2026-02-06 19:23:50,48.62
2026-02-06 19:32:02,36.72
2026-02-06 20:45:31,-71.39
2026-02-06 21:09:38,41.81
2026-02-06 21:20:26,18.41
2026-02-06 22:10:33,24.22
2026-02-06 22:33:24,59.12
2026-02-06 22:45:36,23.71
2026-02-06 22:55:54,8.75
2026-02-07 07:15:13,7.01
2026-02-07 07:19:29,5.01
2026-02-07 07:47:13,18.55
2026-02-07 08:08:32,5.18
2026-02-07 08:15:47,31.50
2026-02-07 08:18:26,28.74
2026-02-07 08:22:41,8.69
2026-02-07 08:25:28,10.18
2026-02-07 08:28:38,9.05
2026-02-07 08:35:29,8.55
2026-02-07 08:53:35,9.39
2026-02-07 08:59:57,10.72
2026-02-07 09:02:27,13.28
2026-02-07 09:06:38,10.79
2026-02-07 09:59:30,19.62
2026-02-07 10:02:51,40.74
2026-02-07 11:10:20,9.86
2026-02-07 11:41:55,4.86
2026-02-07 11:42:33,5.61
2026-02-07 12:40:43,15.43
2026-02-07 12:49:08,67.44
2026-02-07 13:36:34,25.29
2026-02-07 13:45:37,14.44
2026-02-07 13:59:56,46.24
2026-02-07 14:15:29,7.05
2026-02-07 14:26:19,30.92
2026-02-07 14:34:13,1.26
2026-02-07 14:53:00,15.33
2026-02-07 15:03:35,13.57
2026-02-07 16:14:52,13.24
2026-02-07 16:46:01,17.74
2026-02-07 17:15:19,21.62
2026-02-07 17:36:38,10.43
2026-02-07 17:44:26,3.95
2026-02-07 18:07:11,9.70
2026-02-07 18:09:17,35.57
2026-02-07 18:44:04,7.40
2026-02-07 19:16:52,3.11
2026-02-07 19:24:05,1.11
2026-02-07 19:28:55,78.16
2026-02-07 19:33:08,18.25
2026-02-07 19:50:33,14.59
2026-02-07 20:23:57,12.97
2026-02-07 20:29:36,21.67
2026-02-07 20:34:24,15.01
2026-02-07 20:35:31,24.47
2026-02-07 20:39:49,4.24
2026-02-07 21:07:43,28.01
2026-02-07 21:08:32,26.65
2026-02-07 21:51:03,18.05
2026-02-07 22:05:57,15.73
2026-02-08 07:16:35,27.31
2026-02-08 08:36:55,28.48
2026-02-08 13:21:14,9.64
2026-02-08 13:25:58,10.92
2026-02-08 14:35:20,7.97
2026-02-08 14:44:38,24.31
2026-02-08 14:47:09,5.12
2026-02-08 16:24:29,4.44
2026-02-08 17:58:13,24.18
2026-02-08 18:19:16,18.33
2026-02-08 18:20:26,4.14
2026-02-08 18:32:56,17.13
2026-02-08 19:36:53,41.59
2026-02-08 20:18:09,10.61
2026-02-08 22:29:06,14.80
2026-02-08 22:48:53,19.82
2026-02-09 07:44:10,15.88
2026-02-09 08:05:25,7.72
2026-02-09 08:14:13,33.29
2026-02-09 09:23:25,59.30
2026-02-09 09:31:54,6.79
2026-02-09 09:41:54,35.00
2026-02-09 09:43:59,13.79
2026-02-09 10:57:33,35.97
2026-02-09 11:15:12,22.44
2026-02-09 14:19:43,14.02
2026-02-09 15:50:25,60.51
2026-02-09 15:52:22,32.26
2026-02-09 17:36:54,3.15
2026-02-09 19:24:35,11.47
2026-02-09 20:41:50,35.68
2026-02-09 21:36:15,11.61
2026-02-09 22:03:40,7.30
2026-02-09 22:17:02,28.18
2026-02-10 07:18:26,5.08
2026-02-10 09:00:19,8.76
2026-02-10 09:11:27,50.76
2026-02-10 09:22:35,32.31
2026-02-10 09:23:16,25.75
2026-02-10 09:38:38,16.04
2026-02-10 11:04:10,44.29
2026-02-10 11:19:00,16.25
2026-02-10 12:08:17,26.35
2026-02-10 12:43:24,26.97
2026-02-10 13:29:06,11.80
2026-02-10 14:36:33,10.56
2026-02-10 14:46:40,42.64
2026-02-10 15:06:08,7.54
2026-02-10 16:17:31,13.87
2026-02-10 16:21:27,-83.98
2026-02-10 16:30:50,15.71
2026-02-10 17:55:24,45.37
2026-02-10 18:24:51,-41.58
2026-02-10 19:49:05,14.59
2026-02-10 20:06:01,24.61
2026-02-10 20:17:26,10.43
2026-02-10 21:23:48,1.93
2026-02-10 21:35:35,12.90
2026-02-10 22:38:39,11.05
2026-02-11 09:36:06,29.19
2026-02-11 10:01:54,19.57
2026-02-11 10:53:46,23.70
2026-02-11 11:22:01,15.69
2026-02-11 11:22:19,12.53
2026-02-11 12:21:35,26.77
2026-02-11 12:23:20,21.34
2026-02-11 12:40:42,6.14
2026-02-11 12:59:47,35.37
2026-02-11 13:13:17,24.80
2026-02-11 13:28:37,19.13
2026-02-11 13:33:30,30.02
2026-02-11 14:33:11,19.19
2026-02-11 16:02:51,57.85
2026-02-11 17:29:50,7.40
2026-02-11 17:41:06,33.18
2026-02-11 18:30:06,37.57
2026-02-11 19:40:11,26.36
2026-02-11 20:24:00,1.76
2026-02-11 20:25:01,35.27
2026-02-11 20:29:14,17.34
2026-02-11 20:58:05,14.49
2026-02-11 21:20:04,14.49
2026-02-11 21:46:44,40.40
2026-02-11 22:06:18,10.90
2026-02-12 08:28:16,9.84
2026-02-12 08:48:46,23.74
2026-02-12 09:25:32,26.89
2026-02-12 09:28:55,30.03
2026-02-12 10:08:48,28.06
2026-02-12 10:49:51,15.46
2026-02-12 11:15:09,3.44
2026-02-12 11:44:55,9.63
2026-02-12 11:50:13,20.34
2026-02-12 12:20:45,10.42
2026-02-12 13:51:03,26.52
2026-02-12 14:13:51,7.57
2026-02-12 14:19:55,17.10
2026-02-12 14:29:31,-70.58
2026-02-12 15:40:26,24.06
2026-02-12 15:54:32,10.73
2026-02-12 15:55:41,40.81
2026-02-12 16:18:36,32.22
2026-02-12 17:53:15,14.45
2026-02-12 18:34:17,9.61
2026-02-12 18:55:45,8.58
2026-02-12 18:55:52,54.28
2026-02-12 19:28:04,28.81
2026-02-12 19:31:09,28.33
2026-02-12 20:06:47,18.90
2026-02-12 20:10:39,30.48
2026-02-12 20:58:03,19.67
2026-02-12 21:34:13,15.47
2026-02-13 07:02:54,24.04
2026-02-13 07:15:02,5.03
2026-02-13 07:21:00,14.90
2026-02-13 07:21:51,5.70
2026-02-13 08:09:45,23.23
2026-02-13 08:11:14,12.14
2026-02-13 08:19:42,6.99
2026-02-13 08:25:04,4.21
2026-02-13 08:27:42,34.21
2026-02-13 08:35:51,30.31
2026-02-13 09:16:45,7.92
2026-02-13 09:19:44,30.38
2026-02-13 09:31:29,11.70
2026-02-13 09:36:23,12.98
2026-02-13 09:37:06,16.23
2026-02-13 09:59:27,3.15
2026-02-13 10:09:06,-1704.44
2026-02-13 10:14:47,5.05
2026-02-13 10:29:39,7.13
2026-02-13 10:32:43,20.19
2026-02-13 10:49:57,5.03
2026-02-13 11:11:59,4.26
2026-02-13 11:15:18,11.54
2026-02-13 11:40:52,8.58
2026-02-13 11:44:00,14.42
2026-02-13 11:47:49,0.22
2026-02-13 12:04:12,-51.22
2026-02-13 12:07:00,17.89
2026-02-13 12:23:10,21.63
2026-02-13 12:31:22,4.18
2026-02-13 13:18:36,18.85
2026-02-13 13:46:57,15.25
2026-02-13 14:03:15,22.11
2026-02-13 14:09:00,9.03
2026-02-13 14:26:31,17.49
2026-02-13 14:26:58,5.30
2026-02-13 14:29:23,40.23
2026-02-13 14:57:54,3.06
2026-02-13 15:05:02,8.21
2026-02-13 15:10:23,13.59
2026-02-13 15:46:56,6.76
2026-02-13 15:49:06,0.29
2026-02-13 15:54:20,37.98
2026-02-13 16:06:13,5.03
2026-02-13 16:20:05,5.23
2026-02-13 16:47:39,30.87
2026-02-13 17:17:52,0.95
2026-02-13 18:03:31,24.29
2026-02-13 18:29:47,14.95
2026-02-13 18:40:53,14.74
2026-02-13 19:04:37,15.31
2026-02-13 19:54:47,15.93
2026-02-13 20:01:14,52.35
2026-02-13 20:14:20,5.06
2026-02-13 20:17:33,8.50
2026-02-13 20:20:20,-46.44
2026-02-13 20:44:57,15.15
2026-02-13 20:46:54,26.56
2026-02-13 21:00:23,3.76
2026-02-13 21:55:18,18.39
2026-02-13 22:23:24,11.33
2026-02-13 22:49:49,9.19
2026-02-14 07:13:10,2.22
2026-02-14 07:44:36,6.72
2026-02-14 08:11:38,28.31
2026-02-14 08:18:01,39.91
2026-02-14 08:24:28,9.00
2026-02-14 08:25:36,5.29
2026-02-14 09:15:22,2.67
2026-02-14 09:18:52,9.06
2026-02-14 09:21:10,47.47
2026-02-14 09:21:38,44.26
2026-02-14 09:22:16,22.57
2026-02-14 09:35:57,9.64
2026-02-14 09:51:54,9.63
2026-02-14 09:52:45,8.60
2026-02-14 10:21:13,32.78
2026-02-14 10:46:00,11.63
2026-02-14 10:59:31,3.33
2026-02-14 11:10:46,5.32
2026-02-14 11:21:47,7.97
2026-02-14 11:49:07,16.13
2026-02-14 12:24:19,18.38
2026-02-14 12:45:35,16.05
2026-02-14 13:26:44,23.26
2026-02-14 14:10:28,8.36
2026-02-14 14:40:36,6.66
2026-02-14 15:13:15,12.14
2026-02-14 15:42:18,8.63
2026-02-14 16:08:11,50.21
2026-02-14 16:15:06,12.61
2026-02-14 16:54:07,-93.16
2026-02-14 17:10:40,8.13
2026-02-14 17:16:06,29.20
2026-02-14 17:19:20,31.52
2026-02-14 17:28:00,26.57
2026-02-14 17:58:51,10.93
2026-02-14 18:00:27,0.30
2026-02-14 18:04:23,12.59
2026-02-14 18:14:42,37.62
2026-02-14 19:06:53,19.37
2026-02-14 19:10:46,3.92
2026-02-14 19:22:34,14.36
2026-02-14 19:37:06,6.35
2026-02-14 19:54:49,14.84
2026-02-14 20:10:03,45.70
2026-02-14 20:10:56,21.30
2026-02-14 20:31:56,45.03
2026-02-14 20:41:10,8.23
2026-02-14 20:50:40,14.24
2026-02-14 22:09:03,9.63
2026-02-14 22:12:06,34.32
2026-02-14 22:41:20,30.78
2026-02-14 22:45:01,52.10
2026-02-14 22:50:55,20.18
2026-02-15 07:50:44,43.73
2026-02-15 09:05:24,27.41
2026-02-15 09:11:17,-63.72
2026-02-15 09:43:27,13.46
2026-02-15 10:50:18,18.42
2026-02-15 10:59:06,17.36
2026-02-15 11:02:27,7.78
2026-02-15 11:09:36,17.30
2026-02-15 11:53:38,9.01
2026-02-15 13:51:12,4.86
2026-02-15 13:52:40,10.12
2026-02-15 15:20:58,3.81
2026-02-15 15:24:41,24.35
2026-02-15 15:33:29,20.76
2026-02-15 18:56:26,40.89
2026-02-15 19:35:20,12.62
2026-02-15 20:07:26,19.90
2026-02-15 21:11:10,17.88
2026-02-16 07:14:16,17.27
2026-02-16 07:30:58,27.44
2026-02-16 07:32:42,9.66
2026-02-16 07:55:49,13.92
2026-02-16 09:18:01,15.87
2026-02-16 10:30:04,16.85
2026-02-16 11:41:11,18.74
2026-02-16 13:54:14,33.58
2026-02-16 14:43:13,10.61
2026-02-16 15:27:57,4.21
2026-02-16 15:41:26,39.69
2026-02-16 15:47:53,20.26
2026-02-16 16:19:43,15.71
2026-02-16 16:45:45,22.29
2026-02-16 17:17:40,33.26
2026-02-16 17:55:17,20.91
2026-02-16 18:22:10,16.81
2026-02-16 18:35:41,15.41
2026-02-16 19:03:10,56.58
2026-02-16 19:37:06,8.72
2026-02-16 19:54:22,4.63
2026-02-16 21:16:13,17.12
2026-02-16 21:19:43,22.69
2026-02-16 22:37:35,33.22
2026-02-17 08:00:28,51.05
2026-02-17 09:08:39,5.01
2026-02-17 09:30:56,24.19
2026-02-17 10:30:03,43.47
2026-02-17 11:08:12,14.72
2026-02-17 12:20:40,28.95
2026-02-17 12:31:50,29.55
2026-02-17 12:36:48,10.42
2026-02-17 12:49:05,9.29
2026-02-17 13:32:07,29.64
2026-02-17 15:13:48,5.30
2026-02-17 16:29:54,37.89
2026-02-17 17:23:16,11.70
2026-02-17 17:26:36,31.92
2026-02-17 19:33:19,27.74
2026-02-17 20:03:55,10.45
2026-02-17 20:40:27,35.47
2026-02-17 21:09:20,8.28
2026-02-17 22:21:40,40.41
2026-02-18 07:55:43,8.70
2026-02-18 08:00:54,13.79
2026-02-18 08:54:10,28.43
2026-02-18 08:54:18,11.51
2026-02-18 09:23:52,20.87
2026-02-18 09:46:46,8.36
2026-02-18 10:06:54,13.22
2026-02-18 10:26:58,24.67
2026-02-18 10:52:11,23.69
2026-02-18 10:53:36,2.97
2026-02-18 10:57:16,25.97
2026-02-18 11:30:58,11.66
2026-02-18 11:42:41,15.36
2026-02-18 12:07:08,11.84
2026-02-18 12:21:22,34.61
2026-02-18 14:29:18,30.86
2026-02-18 15:29:03,6.39
2026-02-18 15:53:24,18.15
2026-02-18 17:11:07,30.55
2026-02-18 17:27:47,63.64
2026-02-18 18:51:43,24.13
2026-02-18 19:25:29,14.53
2026-02-18 19:49:22,10.62
2026-02-18 20:28:02,0.62
2026-02-18 21:11:39,8.61
2026-02-18 21:39:17,7.68
2026-02-18 22:07:56,19.10
2026-02-18 22:09:05,12.54
2026-02-18 22:51:26,31.00
2026-02-18 22:51:36,5.90
2026-02-19 07:47:16,10.22
2026-02-19 08:12:17,14.16
2026-02-19 08:22:52,30.98
2026-02-19 08:44:50,14.61
2026-02-19 08:59:24,28.13
2026-02-19 09:09:59,-90.00
2026-02-19 10:01:24,8.09
2026-02-19 10:24:02,5.14
2026-02-19 11:03:42,10.08
2026-02-19 11:08:26,19.97
2026-02-19 11:45:41,11.77
2026-02-19 12:11:47,10.81
2026-02-19 12:18:43,27.33
2026-02-19 12:32:34,4.96
2026-02-19 12:43:04,22.86
2026-02-19 13:12:13,17.68
2026-02-19 13:18:28,15.57
2026-02-19 13:39:55,5.59
2026-02-19 13:49:46,19.13
2026-02-19 14:17:25,23.37
2026-02-19 14:47:41,21.60
2026-02-19 15:00:21,16.35
2026-02-19 15:08:10,16.21
2026-02-19 15:09:53,17.51
2026-02-19 16:13:48,11.42
2026-02-19 16:43:22,31.12
2026-02-19 16:44:42,8.96
2026-02-19 16:53:44,10.81
2026-02-19 16:56:54,11.11
2026-02-19 17:18:28,6.17
2026-02-19 17:35:03,30.56
2026-02-19 17:45:07,8.19
2026-02-19 17:45:47,12.12
2026-02-19 18:35:30,7.29
2026-02-19 18:48:37,2.21
2026-02-19 19:15:32,11.32
2026-02-19 19:26:50,9.39
2026-02-19 20:17:35,3.64
2026-02-19 20:43:47,14.21
2026-02-19 20:51:00,3.28
2026-02-19 21:06:39,25.18
2026-02-19 21:53:14,8.57
2026-02-20 07:42:15,19.48
2026-02-20 07:52:37,6.55
2026-02-20 07:54:32,15.17
2026-02-20 08:41:20,6.40
2026-02-20 09:16:06,27.92
2026-02-20 09:18:42,15.70
2026-02-20 09:25:23,11.47
2026-02-20 09:46:04,2.55
2026-02-20 09:53:17,27.10
2026-02-20 09:57:12,6.24
2026-02-20 10:11:41,21.79
2026-02-20 10:45:33,5.83
2026-02-20 11:23:25,25.47
2026-02-20 11:28:10,10.27
2026-02-20 11:36:36,17.64
2026-02-20 11:42:41,10.90
2026-02-20 11:47:46,4.74
2026-02-20 11:57:34,4.95
2026-02-20 12:36:36,14.74
2026-02-20 12:48:32,14.33
2026-02-20 13:16:46,8.85
2026-02-20 13:33:58,8.24
2026-02-20 13:46:37,6.39
2026-02-20 13:58:02,11.35
2026-02-20 14:04:16,0.63
2026-02-20 14:06:18,3.53
2026-02-20 14:45:47,7.75
2026-02-20 14:48:31,15.07
2026-02-20 14:57:49,28.19
2026-02-20 15:23:37,-45.13
2026-02-20 15:34:57,20.13
2026-02-20 15:37:34,36.36
2026-02-20 15:53:47,29.49
2026-02-20 16:08:29,3.40
2026-02-20 16:31:35,3.82
2026-02-20 16:44:37,19.90
2026-02-20 17:15:50,10.14
2026-02-20 17:31:28,9.53
2026-02-20 17:39:42,25.21
2026-02-20 17:56:30,5.80
2026-02-20 18:08:43,2.24
2026-02-20 18:14:02,14.45
2026-02-20 18:24:30,10.82
2026-02-20 18:51:20,20.63
2026-02-20 19:49:37,10.19
2026-02-20 20:10:00,52.65
2026-02-20 20:17:53,29.83
2026-02-20 21:28:22,19.98
2026-02-20 21:41:35,19.54
2026-02-20 21:56:02,13.65
2026-02-20 22:21:22,2.93
2026-02-20 22:22:02,23.50
2026-02-20 22:41:49,18.55
2026-02-21 07:10:05,4.28
2026-02-21 07:36:33,11.95
2026-02-21 07:45:47,6.09
2026-02-21 07:47:45,49.92
2026-02-21 07:51:05,44.58
2026-02-21 08:10:24,37.42
2026-02-21 08:23:15,26.87
2026-02-21 08:49:52,53.72
2026-02-21 09:18:38,32.60
2026-02-21 09:38:02,21.18
2026-02-21 10:09:27,24.47
2026-02-21 10:27:08,26.54
2026-02-21 10:33:00,18.42
2026-02-21 10:47:14,37.62
2026-02-21 11:30:59,22.93
2026-02-21 12:06:13,10.25
2026-02-21 12:40:31,7.97
2026-02-21 12:46:53,-1686.07
2026-02-21 13:26:35,4.03
2026-02-21 14:39:10,52.13
2026-02-21 14:58:54,24.77
2026-02-21 15:14:23,7.57
2026-02-21 15:16:54,11.91
2026-02-21 15:30:49,17.99
2026-02-21 15:43:25,9.85
2026-02-21 15:49:25,12.69
2026-02-21 16:12:02,63.14
2026-02-21 16:45:38,33.44
2026-02-21 17:26:23,59.24
2026-02-21 18:42:25,54.79
2026-02-21 18:49:45,32.22
2026-02-21 19:37:12,31.43
2026-02-21 19:41:13,8.01
2026-02-21 19:47:08,2.59
2026-02-21 19:50:21,32.34
2026-02-21 19:59:25,7.01
2026-02-21 20:05:04,12.70
2026-02-21 20:16:12,8.91
2026-02-21 20:36:23,4.27
2026-02-21 21:00:12,8.54
2026-02-21 21:50:44,6.51
2026-02-21 22:11:23,4.99
2026-02-21 22:16:19,10.64
2026-02-22 07:44:53,16.37
2026-02-22 09:25:43,21.21
2026-02-22 10:07:58,19.20
2026-02-22 12:30:20,23.72
2026-02-22 13:14:12,36.55
2026-02-22 13:15:47,22.68
2026-02-22 13:31:47,20.62
2026-02-22 14:53:39,12.79
2026-02-22 14:55:16,16.04
2026-02-22 15:11:47,12.79
2026-02-22 15:15:18,11.58
2026-02-22 17:04:35,23.89
2026-02-22 18:09:49,38.54
2026-02-22 18:13:57,7.33
2026-02-23 08:25:06,0.96
2026-02-23 09:05:10,39.35
2026-02-23 09:08:46,-28.39
2026-02-23 10:28:47,20.71
2026-02-23 12:03:13,12.84
2026-02-23 12:40:51,12.65
2026-02-23 12:49:18,5.52
2026-02-23 13:36:36,35.67
2026-02-23 15:22:01,18.48
2026-02-23 15:30:53,61.18
2026-02-23 15:38:41,14.50
2026-02-23 17:14:20,38.77
2026-02-23 17:16:23,7.34
2026-02-23 17:26:40,15.53
2026-02-23 17:28:26,-74.83
2026-02-23 17:41:18,16.36
2026-02-23 18:20:43,26.49
2026-02-23 18:35:35,17.87
2026-02-23 19:17:56,18.84
2026-02-23 19:39:18,7.37
2026-02-23 19:54:58,40.86
2026-02-23 20:07:22,12.10
2026-02-23 21:40:09,14.42
2026-02-23 21:49:55,16.87
2026-02-23 21:56:05,9.60
2026-02-23 22:49:47,4.92
2026-02-24 07:07:49,6.65
2026-02-24 07:09:03,5.31
2026-02-24 07:11:06,16.98
2026-02-24 07:31:13,9.71
2026-02-24 08:21:05,16.81
2026-02-24 09:11:08,13.59
2026-02-24 11:03:17,15.21
2026-02-24 12:45:47,7.23
2026-02-24 14:05:09,7.64
2026-02-24 14:16:05,14.57
2026-02-24 15:18:41,20.47
2026-02-24 15:26:12,7.70
2026-02-24 15:44:39,61.24
2026-02-24 15:52:24,34.11
2026-02-24 16:07:40,16.49
2026-02-24 16:15:47,-45.78
2026-02-24 16:17:08,14.02
2026-02-24 17:26:19,16.36
2026-02-24 19:04:34,9.49
2026-02-24 19:53:24,4.23
2026-02-24 20:25:15,28.69
2026-02-24 20:40:15,31.23
2026-02-24 21:39:28,2.29
2026-02-24 21:46:00,21.60
2026-02-24 22:11:12,34.26
2026-02-24 22:12:20,14.37
2026-02-24 22:23:29,5.34
2026-02-25 07:33:08,11.43
2026-02-25 08:18:38,16.00
2026-02-25 08:23:35,15.11
2026-02-25 08:52:39,23.55
2026-02-25 09:00:59,12.16
2026-02-25 09:13:33,19.22
2026-02-25 09:29:51,17.70
2026-02-25 09:53:19,1.41
2026-02-25 10:06:46,8.19
2026-02-25 11:06:02,22.09
2026-02-25 11:16:23,19.47
2026-02-25 12:34:38,10.96
2026-02-25 12:35:47,15.78
2026-02-25 12:50:11,15.34
2026-02-25 13:12:33,24.94
2026-02-25 13:24:49,16.96
2026-02-25 13:41:31,27.88
2026-02-25 13:51:19,-34.99
2026-02-25 14:13:54,6.83
2026-02-25 14:34:24,19.06
2026-02-25 14:36:40,31.78
2026-02-25 14:38:45,23.50
2026-02-25 15:23:28,37.78
2026-02-25 15:33:02,8.01
2026-02-25 15:36:58,-22.35
2026-02-25 15:58:35,10.27
2026-02-25 16:00:19,10.23
2026-02-25 17:01:49,9.23
2026-02-25 17:35:20,26.21
2026-02-25 17:38:15,10.31
2026-02-25 18:26:48,17.42
2026-02-25 18:43:29,11.19
2026-02-25 19:32:21,18.07
2026-02-25 20:47:06,10.72
2026-02-25 20:52:23,11.33
2026-02-25 20:52:46,18.42
2026-02-25 20:56:06,17.16
2026-02-25 21:22:09,15.42
2026-02-25 21:25:00,14.19
2026-02-25 21:59:22,11.83
2026-02-26 07:02:15,3.76
2026-02-26 07:04:24,10.83
2026-02-26 07:18:55,19.65
2026-02-26 07:22:43,7.88
2026-02-26 07:24:37,13.93
2026-02-26 07:35:17,7.41
2026-02-26 08:16:10,23.52
2026-02-26 08:18:12,3.90
2026-02-26 09:11:12,5.33
2026-02-26 09:46:24,11.70
2026-02-26 10:11:20,9.55
2026-02-26 10:57:20,9.24
2026-02-26 11:13:41,34.56
2026-02-26 11:27:19,20.74
2026-02-26 11:27:58,19.03
2026-02-26 11:37:34,19.13
2026-02-26 11:41:59,9.84
2026-02-26 11:44:44,9.38
2026-02-26 11:46:01,6.70
2026-02-26 12:20:04,8.90
2026-02-26 13:55:08,22.43
2026-02-26 14:09:21,12.16
2026-02-26 14:26:15,6.21
2026-02-26 15:03:29,2.19
2026-02-26 15:42:54,28.78
2026-02-26 15:51:03,6.38
2026-02-26 15:56:24,16.89
2026-02-26 16:15:32,28.02
2026-02-26 16:21:31,9.66
2026-02-26 16:44:45,26.14
2026-02-26 17:28:34,5.71
2026-02-26 17:56:26,27.04
2026-02-26 18:22:40,12.29
2026-02-26 18:55:06,38.86
2026-02-26 19:14:24,2.74
2026-02-26 19:42:08,17.08
2026-02-26 19:47:10,26.60
2026-02-26 20:17:09,-86.53
2026-02-26 20:59:52,-39.27
2026-02-26 21:35:59,27.22
2026-02-26 22:55:38,9.43
2026-02-27 07:13:36,7.72
2026-02-27 07:29:40,8.95
2026-02-27 07:53:11,31.68
2026-02-27 08:06:26,6.12
2026-02-27 08:41:08,31.08
2026-02-27 08:53:33,12.72
2026-02-27 09:18:30,8.11
2026-02-27 09:30:46,10.87
2026-02-27 09:49:19,13.65
2026-02-27 10:36:46,2.36
2026-02-27 10:43:21,12.98
2026-02-27 10:47:54,13.18
2026-02-27 10:55:50,5.25
2026-02-27 11:07:44,26.55
2026-02-27 12:10:43,18.75
2026-02-27 12:29:47,7.22
2026-02-27 12:36:38,7.52
2026-02-27 12:56:39,16.47
2026-02-27 13:00:07,8.62
2026-02-27 13:00:40,29.80
2026-02-27 13:21:53,4.65
2026-02-27 13:39:03,7.57
2026-02-27 13:44:18,23.26
2026-02-27 13:51:39,18.80
2026-02-27 14:45:18,19.63
2026-02-27 15:21:33,62.57
2026-02-27 15:26:05,8.75
2026-02-27 15:50:04,11.78
2026-02-27 15:53:01,13.62
2026-02-27 16:19:32,5.98
2026-02-27 16:27:38,18.73
2026-02-27 16:36:46,4.50
2026-02-27 16:39:42,16.84
2026-02-27 16:45:54,2.19
2026-02-27 16:53:19,-34.01
2026-02-27 17:16:33,17.94
2026-02-27 17:22:35,35.98
2026-02-27 17:23:57,18.42
2026-02-27 17:24:40,3.50
2026-02-27 17:25:46,22.98
2026-02-27 17:29:50,24.31
2026-02-27 17:35:34,6.54
2026-02-27 17:45:02,21.52
2026-02-27 17:49:00,24.35
2026-02-27 17:51:58,0.74
2026-02-27 17:59:43,12.82
2026-02-27 18:04:09,7.36
2026-02-27 18:59:02,10.32
2026-02-27 18:59:08,44.51
2026-02-27 19:11:38,19.11
2026-02-27 19:52:04,10.70
2026-02-27 20:26:02,14.99
2026-02-27 20:33:13,9.45
2026-02-27 20:53:35,14.13
2026-02-27 20:59:47,9.07
2026-02-27 21:57:55,21.11
2026-02-27 22:09:40,10.88
2026-02-27 22:31:51,11.28
2026-02-27 22:33:46,15.12
2026-02-27 22:58:30,15.23
2026-02-28 07:30:29,20.22
2026-02-28 07:36:31,26.64
2026-02-28 07:39:32,14.27
2026-02-28 07:48:09,17.22
2026-02-28 08:00:45,16.89
2026-02-28 08:05:13,5.53
2026-02-28 09:09:46,5.38
2026-02-28 09:15:30,35.44
2026-02-28 09:33:56,10.75
2026-02-28 09:38:06,29.25
2026-02-28 09:41:01,10.37
2026-02-28 09:43:40,12.97
2026-02-28 09:47:59,4.95
2026-02-28 10:37:30,32.63
2026-02-28 10:52:28,15.71
2026-02-28 11:05:08,31.39
2026-02-28 11:08:00,26.63
2026-02-28 11:18:55,20.31
2026-02-28 11:28:34,20.39
2026-02-28 11:46:56,27.65
2026-02-28 11:56:37,14.89
2026-02-28 12:19:25,7.09
2026-02-28 12:30:08,24.97
2026-02-28 13:10:02,-78.86
2026-02-28 13:35:24,3.12
2026-02-28 14:11:27,46.89
2026-02-28 14:27:44,9.57
2026-02-28 14:45:32,34.99
2026-02-28 15:26:59,14.68
2026-02-28 15:29:33,38.88
2026-02-28 16:03:23,1.47
2026-02-28 16:24:39,15.15
2026-02-28 16:39:03,21.74
2026-02-28 16:55:01,5.78
2026-02-28 16:58:59,10.36
2026-02-28 17:19:36,10.37
2026-02-28 17:26:22,18.13
2026-02-28 17:34:49,11.17
2026-02-28 18:02:02,15.45
2026-02-28 18:05:37,9.39
2026-02-28 18:07:55,11.45
2026-02-28 18:47:19,-70.60
2026-02-28 18:53:26,6.79
2026-02-28 19:20:31,49.46
2026-02-28 19:25:24,11.11
2026-02-28 19:40:20,3.71
2026-02-28 19:54:08,5.99
2026-02-28 20:34:13,5.46
2026-02-28 20:39:11,14.76
2026-02-28 20:45:58,10.61
2026-02-28 20:55:29,5.51
2026-02-28 21:12:13,17.15
2026-02-28 21:20:35,14.35
2026-02-28 21:24:22,8.19
2026-02-28 21:32:27,27.44
2026-02-28 22:07:37,33.71
2026-02-28 22:36:46,14.07
2026-02-28 22:42:27,17.67
2026-02-28 22:45:23,14.95
2026-03-01 07:43:00,19.73
2026-03-01 08:06:58,28.32
2026-03-01 10:33:06,-15.96
2026-03-01 11:33:55,7.98
2026-03-01 12:14:46,-1924.20
2026-03-01 12:20:35,12.70
2026-03-01 13:33:21,22.14
2026-03-01 14:24:43,6.64
2026-03-01 14:46:43,14.96
2026-03-01 15:21:17,30.95
2026-03-01 15:41:37,31.75
2026-03-01 15:51:06,8.09
2026-03-01 17:33:43,39.71
2026-03-01 18:54:27,17.59
2026-03-01 19:29:49,27.90
2026-03-01 19:30:16,42.97
2026-03-01 20:00:18,10.83
2026-03-01 21:24:43,9.67
2026-03-02 07:46:37,15.70
2026-03-02 08:25:07,22.33
2026-03-02 08:47:09,33.35
2026-03-02 09:23:34,5.07
2026-03-02 09:50:34,15.72
2026-03-02 10:40:44,3.72
2026-03-02 11:02:12,8.87
2026-03-02 11:47:37,19.04
2026-03-02 12:35:02,22.25
2026-03-02 13:51:41,23.76
2026-03-02 14:31:24,20.74
2026-03-02 14:59:04,13.80
2026-03-02 16:25:03,22.21
2026-03-02 16:31:34,22.50
2026-03-02 16:41:12,14.83
2026-03-02 16:44:24,10.45
2026-03-02 17:03:21,8.50
2026-03-02 17:05:53,5.34
2026-03-02 18:21:43,40.90
2026-03-02 18:31:05,12.15
2026-03-02 19:08:00,-34.41
2026-03-02 19:42:12,9.18
2026-03-02 21:01:02,3.69
2026-03-02 21:43:55,26.11
2026-03-02 21:47:12,3.27
2026-03-02 21:48:49,25.80
2026-03-02 22:41:01,17.57
2026-03-02 22:58:58,15.37
2026-03-03 07:31:32,21.10
2026-03-03 08:03:41,8.58
2026-03-03 08:17:08,28.72
2026-03-03 08:59:34,31.03
2026-03-03 09:30:37,1.25
2026-03-03 10:04:57,4.75
2026-03-03 10:15:47,15.52
2026-03-03 10:20:14,11.25
2026-03-03 10:54:29,4.28
2026-03-03 11:02:44,5.71
2026-03-03 12:10:50,31.85
2026-03-03 12:36:35,20.08
2026-03-03 13:40:22,11.17
2026-03-03 14:05:26,6.02
2026-03-03 14:46:28,29.79
2026-03-03 15:12:21,17.78
2026-03-03 16:38:10,6.59
2026-03-03 17:14:49,4.36
2026-03-03 17:14:56,26.77
2026-03-03 17:26:12,17.04
2026-03-03 18:08:29,19.11
2026-03-03 18:18:13,12.39
2026-03-03 19:57:14,17.86
2026-03-03 20:09:13,31.37
2026-03-03 20:16:21,16.96
2026-03-03 20:55:12,3.86
2026-03-03 21:02:06,4.01
2026-03-03 21:11:24,21.90
2026-03-03 21:26:10,3.75
2026-03-03 22:03:56,3.58
2026-03-03 22:53:29,12.91
2026-03-03 22:55:13,21.49
2026-03-04 07:18:12,15.69
2026-03-04 07:18:26,17.25
2026-03-04 09:01:55,19.72
2026-03-04 09:12:57,14.20
2026-03-04 09:23:22,3.37
2026-03-04 10:30:45,56.52
2026-03-04 11:30:22,32.13
2026-03-04 11:31:09,47.35
2026-03-04 11:57:50,39.22
2026-03-04 12:17:07,2.79
2026-03-04 13:33:40,18.78
2026-03-04 13:48:47,12.30
2026-03-04 14:20:22,28.19
2026-03-04 14:53:33,51.15
2026-03-04 15:32:43,29.03
2026-03-04 16:04:06,66.17
2026-03-04 16:10:50,7.16
2026-03-04 16:28:39,12.06
2026-03-04 17:26:37,5.76
2026-03-04 17:31:37,17.04
2026-03-04 17:41:41,17.04
2026-03-04 18:51:43,1.87
2026-03-04 19:57:11,14.56
2026-03-04 20:17:03,21.89
2026-03-04 20:28:47,5.30
2026-03-04 21:05:05,6.19
2026-03-04 21:29:19,26.85
2026-03-04 21:31:32,22.33
2026-03-05 07:09:16,26.55
2026-03-05 08:58:42,40.97
2026-03-05 09:09:13,8.74
2026-03-05 09:13:46,3.56
2026-03-05 09:32:25,17.14
2026-03-05 11:12:11,21.25
2026-03-05 13:31:20,9.59
2026-03-05 15:26:11,28.86
2026-03-05 16:30:55,44.27
2026-03-05 16:31:35,34.00
2026-03-05 16:53:37,15.24
2026-03-05 17:04:59,16.21
2026-03-05 18:00:18,3.95
2026-03-05 18:22:19,7.97
2026-03-05 18:25:09,38.88
2026-03-05 19:05:00,22.89
2026-03-05 19:18:35,43.38
2026-03-05 20:08:53,19.45
2026-03-05 20:23:24,9.07
2026-03-05 20:40:58,124.20
2026-03-05 20:46:57,14.97
2026-03-05 21:14:01,11.79
2026-03-05 21:18:10,26.66
2026-03-05 21:45:36,28.29
2026-03-05 21:47:26,16.74
2026-03-05 21:55:35,10.31
2026-03-05 22:02:52,8.50
2026-03-06 07:06:47,41.41
2026-03-06 07:33:13,2.89
2026-03-06 07:46:06,28.00
2026-03-06 08:05:20,27.99
2026-03-06 08:53:04,26.75
2026-03-06 09:06:52,13.16
2026-03-06 09:07:09,49.92
2026-03-06 09:57:53,45.95
2026-03-06 10:11:53,2.17
2026-03-06 10:33:08,13.31
2026-03-06 10:47:59,7.75
2026-03-06 12:00:43,55.85
2026-03-06 12:04:23,13.80
2026-03-06 12:28:43,16.47
2026-03-06 13:18:10,21.86
2026-03-06 13:21:12,6.98
2026-03-06 13:32:14,20.30
2026-03-06 13:58:32,21.24
2026-03-06 14:32:36,7.19
2026-03-06 14:40:08,2.94
2026-03-06 15:09:49,6.11
2026-03-06 15:31:31,9.98
2026-03-06 15:48:45,2.27
2026-03-06 15:48:50,18.93
2026-03-06 16:29:38,59.14
2026-03-06 16:35:46,30.06
2026-03-06 16:43:53,12.56
2026-03-06 17:07:29,15.98
2026-03-06 18:06:48,-39.22
2026-03-06 18:24:27,26.87
2026-03-06 19:07:14,35.67
2026-03-06 19:20:09,-45.61
2026-03-06 19:22:30,3.15
2026-03-06 19:25:44,15.47
2026-03-06 19:28:33,37.52
2026-03-06 19:31:32,27.62
2026-03-06 20:07:48,15.83
2026-03-06 20:12:54,7.67
2026-03-06 20:18:54,15.60
2026-03-06 20:46:31,13.90
2026-03-06 21:06:07,28.20
2026-03-06 21:14:35,16.04
2026-03-06 22:07:24,14.48
2026-03-06 22:23:44,12.07
2026-03-06 22:43:01,61.93
2026-03-06 22:43:06,25.45
2026-03-06 22:43:23,10.62
2026-03-06 22:48:23,5.29
2026-03-07 07:15:51,39.92
2026-03-07 08:12:10,24.91
2026-03-07 08:19:36,49.33
2026-03-07 08:33:12,16.04
2026-03-07 08:46:31,26.90
2026-03-07 09:40:13,17.10
2026-03-07 09:45:54,24.20
2026-03-07 10:09:12,16.28
2026-03-07 10:20:38,-19.43
2026-03-07 10:37:21,17.03
2026-03-07 12:36:31,36.31
2026-03-07 12:41:54,52.66
2026-03-07 12:56:01,7.37
2026-03-07 13:42:52,29.28
2026-03-07 14:09:47,17.26
2026-03-07 14:25:15,5.33
2026-03-07 15:04:36,27.57
2026-03-07 15:08:01,16.86
2026-03-07 15:42:35,24.58
2026-03-07 15:43:38,30.72
2026-03-07 15:50:51,17.90
2026-03-07 16:27:42,28.23
2026-03-07 16:29:31,19.13
2026-03-07 16:32:51,22.54
2026-03-07 16:41:10,13.03
2026-03-07 16:54:27,3.12
2026-03-07 17:12:26,15.30
2026-03-07 18:29:09,4.25
2026-03-07 18:50:04,15.79
2026-03-07 19:16:39,24.27
2026-03-07 19:51:14,11.19
2026-03-07 20:17:52,17.37
2026-03-07 20:20:55,16.93
2026-03-07 20:27:41,37.75
2026-03-07 20:59:36,17.43
2026-03-07 21:17:59,19.18
2026-03-07 21:42:48,42.18
2026-03-07 22:27:13,3.43
2026-03-08 08:44:58,11.72
2026-03-08 08:53:47,22.55
2026-03-08 10:34:55,15.82
2026-03-08 11:44:16,-80.62
2026-03-08 12:58:28,8.51
2026-03-08 14:16:35,17.60
2026-03-08 14:19:13,4.38
2026-03-08 14:26:38,-55.51
2026-03-08 14:54:28,3.93
2026-03-08 15:19:05,33.93
2026-03-08 15:55:05,14.08
2026-03-08 17:45:27,10.92
2026-03-08 17:56:51,16.12
2026-03-08 18:57:51,17.99
2026-03-08 19:00:58,30.29
2026-03-08 19:19:40,4.74
2026-03-08 19:59:58,37.63
2026-03-08 20:50:02,4.54
2026-03-08 20:59:53,5.35
2026-03-08 22:30:47,8.59
2026-03-09 07:18:16,8.08
2026-03-09 08:00:16,27.80
2026-03-09 08:03:21,13.07
2026-03-09 10:37:11,-1702.90
2026-03-09 13:12:55,10.69
2026-03-09 13:26:11,19.29
2026-03-09 13:45:24,2.73
2026-03-09 13:52:18,7.94
2026-03-09 14:23:37,13.86
2026-03-09 14:30:58,4.33
2026-03-09 14:39:28,29.56
2026-03-09 15:04:06,6.21
2026-03-09 15:18:47,28.37
2026-03-09 15:42:23,-45.48
2026-03-09 17:44:25,28.01
2026-03-09 18:38:42,30.08
2026-03-09 20:47:38,30.94
2026-03-09 20:49:58,15.67
2026-03-09 20:50:09,21.26
2026-03-09 20:54:13,47.41
2026-03-09 21:05:00,17.39
2026-03-09 21:52:43,46.56
2026-03-09 22:07:14,10.05
2026-03-09 22:08:55,17.81
2026-03-09 22:24:08,12.60
2026-03-10 07:21:02,11.40
2026-03-10 08:47:04,29.76
2026-03-10 08:51:41,6.55
2026-03-10 10:53:20,6.05
2026-03-10 10:53:23,35.85
2026-03-10 11:01:05,19.25
2026-03-10 11:07:19,18.31
2026-03-10 11:13:55,49.53
2026-03-10 11:22:42,14.77
2026-03-10 13:10:24,4.84
2026-03-10 13:31:28,27.83
2026-03-10 15:11:15,30.01
2026-03-10 15:38:42,35.09
2026-03-10 16:20:51,2.68
2026-03-10 16:57:43,19.06
2026-03-10 19:05:01,17.66
2026-03-10 19:05:25,2.90
2026-03-10 19:18:41,7.50
2026-03-10 19:30:17,13.98
2026-03-10 21:20:46,11.48
2026-03-10 21:27:51,-48.85
2026-03-10 21:53:45,5.92
2026-03-10 22:29:40,45.73
2026-03-10 22:51:27,21.80
2026-03-11 07:06:40,15.02
2026-03-11 07:55:28,8.61
2026-03-11 08:33:01,31.45
2026-03-11 09:17:57,24.75
2026-03-11 10:31:39,1.36
2026-03-11 11:41:15,24.95
2026-03-11 12:57:09,10.00
2026-03-11 13:05:19,17.36
2026-03-11 13:30:41,16.81
2026-03-11 13:54:01,22.20
2026-03-11 14:12:18,19.11
2026-03-11 14:32:14,25.92
2026-03-11 16:02:31,14.96
2026-03-11 16:46:12,28.60
2026-03-11 16:46:45,7.09
2026-03-11 17:58:38,24.86
2026-03-11 18:28:44,14.86
2026-03-11 19:03:21,16.71
2026-03-11 19:31:32,13.41
2026-03-11 20:01:07,3.95
2026-03-11 20:01:10,23.77
2026-03-11 20:26:54,19.90
2026-03-11 20:36:20,7.61
2026-03-11 20:53:40,27.62
2026-03-11 20:56:30,1.62
2026-03-11 21:08:56,4.21
2026-03-11 21:09:30,4.10
2026-03-11 21:31:30,25.48
2026-03-11 22:14:45,10.38
2026-03-11 22:22:28,38.10
2026-03-11 22:47:37,1.53
2026-03-12 07:15:53,19.93
2026-03-12 09:05:21,38.82
2026-03-12 10:09:41,7.83
2026-03-12 11:07:54,7.64
2026-03-12 11:49:00,44.85
2026-03-12 11:51:27,23.08
2026-03-12 11:57:36,9.25
2026-03-12 12:05:17,14.46
2026-03-12 12:27:03,23.38
2026-03-12 13:28:26,43.98
2026-03-12 14:09:48,23.35
2026-03-12 16:45:28,29.09
2026-03-12 17:25:49,42.22
2026-03-12 18:01:28,3.71
2026-03-12 18:21:52,19.44
2026-03-12 18:45:48,30.99
2026-03-12 19:48:02,8.00
2026-03-12 20:23:40,6.19
2026-03-12 20:50:14,40.54
2026-03-12 20:58:26,55.91
2026-03-12 21:54:33,25.82
2026-03-12 22:21:18,23.07
2026-03-12 22:46:55,18.97
2026-03-13 07:07:42,10.75
2026-03-13 07:36:40,23.57
2026-03-13 08:26:30,14.41
2026-03-13 08:33:09,27.96
2026-03-13 08:36:33,20.67
2026-03-13 08:42:56,33.07
2026-03-13 09:12:39,17.17
2026-03-13 09:55:10,10.24
2026-03-13 10:23:19,64.17
2026-03-13 10:38:54,11.27
2026-03-13 10:41:35,32.77
2026-03-13 10:44:13,11.79
2026-03-13 11:09:50,13.08
2026-03-13 11:48:08,17.45
2026-03-13 12:01:17,16.28
2026-03-13 12:35:23,12.07
2026-03-13 13:11:52,42.79
2026-03-13 13:15:53,6.98
2026-03-13 13:48:30,20.32
2026-03-13 16:05:51,-86.01
2026-03-13 16:35:41,14.00
2026-03-13 16:36:28,13.76
2026-03-13 16:56:18,20.44
2026-03-13 17:05:51,26.30
2026-03-13 17:50:24,27.88
2026-03-13 18:04:55,34.20
2026-03-13 18:19:18,15.56
2026-03-13 18:36:18,21.56
2026-03-13 19:21:34,11.42
2026-03-13 20:03:59,5.22
2026-03-13 20:07:07,17.17
2026-03-13 20:24:14,24.32
2026-03-13 21:08:45,28.56
2026-03-13 21:09:55,22.66
2026-03-13 21:30:02,30.13
2026-03-13 21:47:17,33.02
2026-03-13 21:48:28,44.17
2026-03-13 22:00:07,10.04
2026-03-13 22:01:50,11.98
2026-03-13 22:53:46,11.86
2026-03-14 07:29:24,28.39
2026-03-14 07:29:33,41.54
2026-03-14 07:44:43,18.75
2026-03-14 07:47:14,1.78
2026-03-14 08:08:19,8.50
2026-03-14 08:24:20,10.23
2026-03-14 08:27:22,55.82
2026-03-14 08:35:03,39.42
2026-03-14 08:52:21,41.00
2026-03-14 08:54:20,7.40
2026-03-14 08:56:46,3.28
2026-03-14 08:58:51,4.61
2026-03-14 09:03:58,8.26
2026-03-14 09:37:50,13.47
2026-03-14 09:50:08,19.02
2026-03-14 10:01:30,15.51
2026-03-14 10:06:00,13.13
2026-03-14 10:21:41,19.22
2026-03-14 11:03:15,7.19
2026-03-14 11:09:30,17.59
2026-03-14 11:40:32,5.71
2026-03-14 11:51:02,23.62
2026-03-14 13:21:05,24.11
2026-03-14 13:57:36,40.88
2026-03-14 14:03:17,22.05
2026-03-14 14:04:49,23.36
2026-03-14 14:06:30,6.98
2026-03-14 14:12:10,34.52
2026-03-14 14:21:53,19.97
2026-03-14 15:07:43,29.75
2026-03-14 15:12:54,21.63
2026-03-14 15:22:26,32.45
2026-03-14 15:43:35,4.65
2026-03-14 16:23:00,26.60
2026-03-14 16:38:21,7.72
2026-03-14 16:54:24,9.98
2026-03-14 17:00:25,11.32
2026-03-14 17:19:04,5.73
2026-03-14 17:37:12,5.67
2026-03-14 17:53:16,6.23
2026-03-14 18:19:37,5.29
2026-03-14 19:06:39,11.42
2026-03-14 20:04:06,8.20
2026-03-14 20:04:58,21.49
2026-03-14 20:14:55,7.14
2026-03-14 20:32:41,17.29
2026-03-14 20:34:28,17.93
2026-03-14 20:51:01,17.59
2026-03-14 20:54:26,6.58
2026-03-14 21:00:27,19.36
2026-03-14 21:03:19,43.99
2026-03-14 21:11:15,7.65
2026-03-14 21:31:23,4.90
2026-03-14 21:37:07,9.35
2026-03-14 21:48:06,6.96
2026-03-14 21:50:27,13.67
2026-03-14 22:46:39,27.20
2026-03-15 07:11:53,13.11
2026-03-15 07:53:43,48.15
2026-03-15 10:21:59,19.01
2026-03-15 11:24:41,11.15
2026-03-15 12:14:56,17.54
2026-03-15 13:12:18,39.39
2026-03-15 13:19:29,15.72
2026-03-15 14:11:12,4.34
2026-03-15 15:46:11,21.77
2026-03-15 15:58:06,13.48
2026-03-15 17:54:35,23.67
2026-03-15 18:02:01,55.63
2026-03-16 07:11:28,37.60
2026-03-16 07:30:41,12.75
2026-03-16 08:29:32,21.66
2026-03-16 09:18:53,25.39
2026-03-16 09:22:57,4.23
2026-03-16 09:23:02,17.10
2026-03-16 09:50:17,17.50
2026-03-16 11:48:05,85.02
2026-03-16 11:54:48,13.61
2026-03-16 11:55:25,-75.89
2026-03-16 13:21:12,11.16
2026-03-16 14:06:07,24.22
2026-03-16 14:16:41,47.02
2026-03-16 15:00:49,20.87
2026-03-16 15:12:45,16.95
2026-03-16 16:18:52,8.25
2026-03-16 16:28:33,6.14
2026-03-16 17:16:19,27.56
2026-03-16 17:17:24,11.33
2026-03-16 17:27:28,8.95
2026-03-16 18:14:37,12.87
2026-03-16 18:50:25,10.69
2026-03-16 18:51:31,18.62
2026-03-16 19:52:37,20.25
2026-03-16 21:27:26,22.54
2026-03-17 07:09:28,27.30
2026-03-17 08:47:05,32.40
2026-03-17 09:24:57,34.08
2026-03-17 09:29:03,28.55
2026-03-17 09:52:25,18.04
2026-03-17 10:08:34,3.14
2026-03-17 12:20:55,15.92
2026-03-17 12:26:15,10.43
2026-03-17 12:57:39,17.81
2026-03-17 13:08:55,11.43
2026-03-17 13:19:27,44.30
2026-03-17 13:44:02,-1877.45
2026-03-17 14:33:21,17.84
2026-03-17 16:25:39,29.69
2026-03-17 16:37:12,28.54
2026-03-17 16:41:56,9.38
2026-03-17 16:42:33,10.84
2026-03-17 18:33:00,21.68
2026-03-17 19:11:44,-51.63
2026-03-17 20:25:10,20.21
2026-03-17 20:30:47,42.35
2026-03-17 21:17:12,3.27
2026-03-17 21:22:44,9.62
2026-03-17 22:10:38,37.04
2026-03-17 22:29:29,15.44
2026-03-18 07:21:52,10.96
2026-03-18 07:25:41,17.77
2026-03-18 07:26:01,37.25
2026-03-18 08:26:32,36.89
2026-03-18 09:14:56,15.10
2026-03-18 09:42:52,35.02
2026-03-18 10:51:53,12.28
2026-03-18 10:52:20,17.36
2026-03-18 12:16:06,46.50
2026-03-18 12:46:10,21.04
2026-03-18 13:26:19,39.21
2026-03-18 13:29:14,8.57
2026-03-18 13:39:13,5.08
2026-03-18 13:43:42,6.67
2026-03-18 14:12:05,13.77
2026-03-18 14:13:06,8.06
2026-03-18 14:23:58,13.07
2026-03-18 15:41:39,37.12
2026-03-18 17:00:24,45.19
2026-03-18 17:35:40,43.12
2026-03-18 18:02:04,53.34
2026-03-18 18:20:11,13.85
2026-03-18 19:27:07,11.89
2026-03-18 20:24:43,-93.51
2026-03-18 22:06:45,17.76
2026-03-19 07:44:42,21.47
2026-03-19 08:58:07,55.12
2026-03-19 08:58:52,28.55
2026-03-19 09:26:56,8.69
2026-03-19 09:33:58,49.90
2026-03-19 09:41:45,21.29
2026-03-19 11:16:38,9.96
2026-03-19 11:45:30,12.95
2026-03-19 12:00:07,19.11
2026-03-19 12:12:48,12.65
2026-03-19 12:16:24,8.63
2026-03-19 12:53:27,15.69
2026-03-19 13:00:00,8.83
2026-03-19 13:09:58,13.25
2026-03-19 13:56:27,6.38
2026-03-19 14:15:30,8.31
2026-03-19 15:15:38,15.76
2026-03-19 16:24:35,26.15
2026-03-19 16:41:37,22.37
2026-03-19 18:24:31,44.66
2026-03-19 18:31:25,11.53
2026-03-19 18:32:45,4.88
2026-03-19 18:40:45,11.63
2026-03-19 18:44:03,10.77
2026-03-19 19:25:45,21.84
2026-03-19 19:59:27,5.45
2026-03-19 19:59:36,59.49
2026-03-19 20:16:49,17.50
2026-03-19 20:25:47,35.72
2026-03-19 21:19:29,49.87
2026-03-19 21:43:09,21.36
2026-03-19 22:04:21,25.70
2026-03-19 22:40:44,41.16
2026-03-20 07:10:59,71.19
2026-03-20 07:29:55,13.33
2026-03-20 08:08:31,4.39
2026-03-20 09:06:27,18.05
2026-03-20 09:19:53,1.24
2026-03-20 09:22:27,28.70
2026-03-20 10:46:24,12.22
2026-03-20 10:55:33,43.68
2026-03-20 11:01:38,5.55
2026-03-20 11:55:33,32.25
2026-03-20 12:48:42,19.99
2026-03-20 13:00:40,22.53
2026-03-20 14:15:13,41.56
2026-03-20 14:23:28,13.33
2026-03-20 14:38:31,4.30
2026-03-20 15:14:46,31.61
2026-03-20 15:42:30,4.23
2026-03-20 15:44:48,7.55
2026-03-20 16:38:12,25.97
2026-03-20 17:01:40,38.11
2026-03-20 17:43:28,9.49
2026-03-20 17:51:06,31.07
2026-03-20 17:57:24,50.43
2026-03-20 18:55:02,15.82
2026-03-20 19:08:59,-68.65
2026-03-20 19:46:53,65.91
2026-03-20 19:47:39,41.27
2026-03-20 20:31:05,-57.76
2026-03-20 21:07:30,27.07
2026-03-20 21:10:57,22.40
2026-03-20 22:32:26,4.77
2026-03-20 22:42:54,12.80
2026-03-21 07:15:19,24.56
2026-03-21 07:25:35,21.34
2026-03-21 08:05:07,11.66
2026-03-21 08:15:02,11.02
2026-03-21 08:33:57,10.79
2026-03-21 09:16:43,38.88
2026-03-21 09:23:58,15.45
2026-03-21 09:35:16,33.66
2026-03-21 09:45:58,12.29
2026-03-21 10:02:08,8.64
2026-03-21 10:11:33,27.17
2026-03-21 10:11:55,13.85
2026-03-21 10:24:14,7.28
2026-03-21 10:34:07,12.78
2026-03-21 10:48:48,32.65
2026-03-21 10:50:37,33.25
2026-03-21 11:06:20,10.77
2026-03-21 11:20:48,-86.73
2026-03-21 11:20:50,7.96
2026-03-21 11:55:51,5.66
2026-03-21 12:00:35,36.34
2026-03-21 12:24:30,26.01
2026-03-21 12:25:29,4.98
2026-03-21 12:25:52,7.75
2026-03-21 12:26:52,8.38
2026-03-21 12:27:42,48.53
2026-03-21 13:04:40,11.17
2026-03-21 13:08:38,15.04
2026-03-21 13:09:19,1.99
2026-03-21 13:37:22,12.55
2026-03-21 13:41:10,6.54
2026-03-21 13:42:57,22.23
2026-03-21 13:44:06,50.60
2026-03-21 13:45:23,17.30
2026-03-21 14:01:37,8.79
2026-03-21 14:04:17,5.13
2026-03-21 14:17:00,11.13
2026-03-21 15:08:46,4.11
2026-03-21 15:16:24,29.47
2026-03-21 15:40:44,21.56
2026-03-21 16:23:34,28.48
2026-03-21 16:35:17,5.60
2026-03-21 16:37:52,16.56
2026-03-21 16:42:34,3.63
2026-03-21 17:49:17,31.30
2026-03-21 18:38:34,8.82
2026-03-21 18:44:36,15.86
2026-03-21 19:06:50,36.89
2026-03-21 20:04:21,18.67
2026-03-21 20:04:35,10.51
2026-03-21 20:19:36,9.07
2026-03-21 20:24:01,12.99
2026-03-21 20:44:09,3.45
2026-03-21 21:08:36,6.70
2026-03-21 21:51:20,26.68
2026-03-21 22:04:33,11.45
2026-03-21 22:06:33,13.65
2026-03-21 22:17:44,12.39
2026-03-21 22:44:20,48.62
2026-03-22 07:45:27,23.80
2026-03-22 08:38:28,17.53
2026-03-22 10:18:19,25.10
2026-03-22 10:25:00,14.01
2026-03-22 11:30:31,14.61
2026-03-22 12:43:59,5.73
2026-03-22 13:58:53,4.45
2026-03-22 14:11:04,30.07
2026-03-22 14:53:34,24.11
2026-03-22 18:03:27,38.35
2026-03-22 18:07:21,3.57
2026-03-22 18:15:47,22.61
2026-03-22 18:53:08,7.78
2026-03-22 20:43:32,24.94
2026-03-22 22:18:16,13.35
2026-03-22 22:24:10,10.92
2026-03-23 07:27:30,8.53
2026-03-23 07:49:43,18.67
2026-03-23 08:24:26,44.77
2026-03-23 09:48:27,12.97
2026-03-23 10:44:46,11.78
2026-03-23 10:50:01,25.68
2026-03-23 10:55:16,7.83
2026-03-23 11:09:22,34.62
2026-03-23 11:14:07,48.83
2026-03-23 11:25:02,10.14
2026-03-23 11:27:01,14.67
2026-03-23 12:12:54,4.23
2026-03-23 12:14:21,-71.01
2026-03-23 12:15:17,11.09
2026-03-23 13:05:55,29.63
2026-03-23 14:03:43,25.90
2026-03-23 14:39:09,16.14
2026-03-23 14:42:52,18.63
2026-03-23 15:12:59,25.15
2026-03-23 16:18:31,9.94
2026-03-23 17:27:38,27.27
2026-03-23 19:08:07,24.22
2026-03-23 19:32:46,12.60
2026-03-23 20:12:30,18.89
2026-03-24 07:10:36,22.20
2026-03-24 07:41:22,48.86
2026-03-24 07:52:22,16.34
2026-03-24 07:56:59,19.41
2026-03-24 08:41:15,20.54
2026-03-24 10:46:47,29.36
2026-03-24 11:17:55,3.90
2026-03-24 11:56:17,8.66
2026-03-24 12:14:02,27.91
2026-03-24 12:16:01,25.47
2026-03-24 13:34:07,2.45
2026-03-24 13:37:40,14.53
2026-03-24 13:37:44,8.90
2026-03-24 13:52:28,11.01
2026-03-24 14:18:02,19.33
2026-03-24 14:18:45,22.70
2026-03-24 14:20:17,4.72
2026-03-24 14:46:17,4.99
2026-03-24 14:46:46,35.53
2026-03-24 15:13:11,7.94
2026-03-24 15:19:54,10.16
2026-03-24 15:35:07,10.86
2026-03-24 15:46:08,4.22
2026-03-24 16:20:03,14.25
2026-03-24 18:20:05,6.62
2026-03-24 19:09:28,5.98
2026-03-24 19:25:38,4.52
2026-03-24 19:35:49,12.76
2026-03-24 19:41:16,17.39
2026-03-24 20:23:09,16.30
2026-03-24 20:57:39,20.01
2026-03-24 21:32:45,8.08
2026-03-24 22:05:31,3.55
2026-03-25 09:50:00,12.55
2026-03-25 09:57:02,7.81
2026-03-25 10:14:06,35.70
2026-03-25 10:17:58,6.96
2026-03-25 10:31:10,11.45
2026-03-25 10:36:27,7.94
2026-03-25 11:11:27,48.76
2026-03-25 11:20:09,10.78
2026-03-25 11:22:41,11.95
2026-03-25 11:49:41,32.07
2026-03-25 11:51:41,-1904.64
2026-03-25 15:09:05,28.47
2026-03-25 15:38:50,-53.50
2026-03-25 15:51:58,18.82
2026-03-25 16:14:58,49.14
2026-03-25 16:22:04,6.34
2026-03-25 16:22:56,4.67
2026-03-25 16:39:52,54.52
2026-03-25 17:07:23,104.76
2026-03-25 17:08:11,9.80
2026-03-25 17:38:11,35.31
2026-03-25 19:22:20,3.25
2026-03-25 19:28:46,44.23
2026-03-25 19:43:56,3.02
2026-03-25 20:09:57,2.99
2026-03-25 22:42:23,8.11
2026-03-25 22:52:04,8.92
2026-03-26 07:09:49,28.95
2026-03-26 07:22:48,8.86
2026-03-26 07:48:58,8.71
2026-03-26 08:15:17,5.43
2026-03-26 08:18:10,6.36
2026-03-26 08:36:50,16.54
2026-03-26 09:09:36,43.93
2026-03-26 09:23:38,17.82
2026-03-26 09:31:06,13.68
2026-03-26 09:36:36,13.03
2026-03-26 09:45:14,7.36
2026-03-26 09:56:40,25.42
2026-03-26 10:04:13,37.21
2026-03-26 10:11:45,-43.27
2026-03-26 10:21:26,21.92
2026-03-26 10:32:51,22.57
2026-03-26 11:01:37,6.56
2026-03-26 11:21:18,10.26
2026-03-26 11:43:29,31.50
2026-03-26 11:44:43,3.47
2026-03-26 11:49:45,30.51
2026-03-26 12:32:33,21.43
2026-03-26 13:20:48,6.45
2026-03-26 13:36:23,-27.92
2026-03-26 13:40:59,17.06
2026-03-26 13:51:43,14.22
2026-03-26 15:06:06,20.32
2026-03-26 16:10:34,30.82
2026-03-26 16:12:35,13.06
2026-03-26 16:25:32,5.65
2026-03-26 16:35:55,26.09
2026-03-26 17:01:15,9.02
2026-03-26 17:05:19,15.08
2026-03-26 17:28:50,8.94
2026-03-26 18:39:54,13.58
2026-03-26 19:15:13,3.55
2026-03-26 19:30:37,35.87
2026-03-26 19:46:22,29.25
2026-03-26 20:02:57,33.47
2026-03-26 21:20:10,13.35
2026-03-26 22:02:03,20.42
2026-03-26 22:06:51,23.19
2026-03-27 07:09:50,22.77
2026-03-27 07:39:59,43.42
2026-03-27 07:47:46,10.47
2026-03-27 07:57:58,9.42
2026-03-27 08:17:05,13.55
2026-03-27 08:42:18,50.34
2026-03-27 09:05:01,34.25
2026-03-27 09:13:43,4.98
2026-03-27 09:36:24,30.11
2026-03-27 10:05:41,5.42
2026-03-27 10:05:51,45.90
2026-03-27 10:06:09,1.42
2026-03-27 10:07:29,11.36
2026-03-27 10:12:54,6.22
2026-03-27 10:40:28,16.55
2026-03-27 10:45:51,24.55
2026-03-27 11:01:39,21.47
2026-03-27 11:29:40,14.83
2026-03-27 11:32:07,11.40
2026-03-27 11:40:01,6.43
2026-03-27 12:05:04,16.40
2026-03-27 12:20:13,11.55
2026-03-27 12:27:14,9.96
2026-03-27 12:34:27,15.34
2026-03-27 13:25:06,14.74
2026-03-27 14:19:12,14.56
2026-03-27 14:32:18,4.16
2026-03-27 14:46:49,5.33
2026-03-27 15:19:53,10.81
2026-03-27 15:53:35,6.28
2026-03-27 15:56:42,65.56
2026-03-27 16:16:57,1.52
2026-03-27 17:21:10,12.31
2026-03-27 18:11:15,17.12
2026-03-27 18:53:52,2.25
2026-03-27 19:00:23,15.08
2026-03-27 19:12:39,15.35
2026-03-27 19:18:54,5.74
2026-03-27 19:46:11,22.51
2026-03-27 19:49:16,7.82
2026-03-27 19:53:03,48.43
2026-03-27 19:53:48,15.42
2026-03-27 19:57:20,3.64
2026-03-27 20:00:40,3.92
2026-03-27 20:02:00,6.15
2026-03-27 20:04:31,17.22
2026-03-27 20:06:31,12.11
2026-03-27 20:08:40,25.47
2026-03-27 20:13:14,21.69
2026-03-27 20:15:35,11.75
2026-03-27 20:24:56,13.86
2026-03-27 20:40:18,19.15
2026-03-27 20:43:15,26.79
2026-03-27 21:26:58,14.96
2026-03-27 21:35:24,29.95
2026-03-27 22:07:22,3.76
2026-03-27 22:50:01,11.48
2026-03-27 22:54:23,26.57
2026-03-28 07:30:42,29.65
2026-03-28 07:59:44,6.48
2026-03-28 08:07:03,37.18
2026-03-28 08:16:56,13.91
2026-03-28 08:28:17,40.20
2026-03-28 08:52:00,20.31
2026-03-28 09:12:46,2.42
2026-03-28 09:22:27,29.74
2026-03-28 09:22:35,15.65
2026-03-28 09:31:03,25.81
2026-03-28 10:01:14,27.07
2026-03-28 10:09:29,47.39
2026-03-28 10:21:13,15.03
2026-03-28 10:33:33,25.62
2026-03-28 10:47:07,6.82
2026-03-28 10:53:23,8.74
2026-03-28 10:58:08,46.13
2026-03-28 10:59:35,16.79
2026-03-28 11:06:20,23.47
2026-03-28 12:59:08,21.70
2026-03-28 13:00:42,51.94
2026-03-28 13:04:17,27.15
2026-03-28 13:09:25,5.74
2026-03-28 13:29:52,2.83
2026-03-28 13:44:04,3.04
2026-03-28 13:49:25,6.04
2026-03-28 14:01:57,13.89
2026-03-28 14:36:30,13.34
2026-03-28 14:42:41,4.49
2026-03-28 14:58:23,24.32
2026-03-28 15:49:18,17.88
2026-03-28 16:04:16,11.79
2026-03-28 16:55:36,13.64
2026-03-28 17:44:39,23.75
2026-03-28 17:48:19,30.67
2026-03-28 17:55:09,33.19
2026-03-28 18:06:03,24.03
2026-03-28 18:52:57,7.82
2026-03-28 19:12:31,13.74
2026-03-28 19:17:44,39.16
2026-03-28 19:28:55,26.75
2026-03-28 19:46:59,27.44
2026-03-28 20:10:43,40.52
2026-03-28 20:12:18,34.06
2026-03-28 20:14:10,38.75
2026-03-28 20:32:21,36.70
2026-03-28 20:40:28,12.26
2026-03-28 21:07:08,9.23
2026-03-28 21:11:17,25.18
2026-03-28 21:22:16,12.37
2026-03-28 21:41:09,13.96
2026-03-28 22:14:05,28.16
2026-03-28 22:17:20,39.39
2026-03-29 07:09:26,22.83
2026-03-29 07:11:16,19.69
2026-03-29 07:36:43,12.24
2026-03-29 07:38:22,4.72
2026-03-29 09:10:43,8.09
2026-03-29 10:06:19,6.15
2026-03-29 11:22:31,-67.75
2026-03-29 12:48:09,24.40
2026-03-29 16:53:14,7.37
2026-03-29 17:28:31,21.17
2026-03-29 17:57:33,6.04
2026-03-29 18:19:45,6.13
2026-03-29 18:34:16,6.50
2026-03-29 18:47:44,-17.47
2026-03-29 21:00:52,42.16
2026-03-29 22:07:02,49.05
2026-03-29 22:07:17,13.80
2026-03-29 22:16:23,20.41
2026-03-29 22:37:00,18.23
2026-03-29 22:55:15,16.49
2026-03-30 07:09:38,22.77
2026-03-30 07:29:51,11.26
2026-03-30 07:49:26,13.05
2026-03-30 07:51:31,11.98
2026-03-30 08:07:47,4.85
2026-03-30 08:44:13,23.15
2026-03-30 09:03:17,3.60
2026-03-30 09:48:08,16.26
2026-03-30 10:19:25,-46.26
2026-03-30 10:21:38,16.14
2026-03-30 10:33:06,8.51
2026-03-30 10:52:18,13.28
2026-03-30 11:19:40,26.26
2026-03-30 11:35:47,9.10
2026-03-30 13:07:04,29.24
2026-03-30 14:13:06,21.52
2026-03-30 16:03:48,17.56
2026-03-30 16:46:59,10.41
2026-03-30 16:50:15,11.27
2026-03-30 18:08:39,18.93
2026-03-30 18:29:22,29.25
2026-03-30 19:08:25,28.15
2026-03-30 19:50:56,29.23
2026-03-30 20:06:08,16.87
2026-03-30 20:29:01,3.08
2026-03-30 20:29:26,14.70
2026-03-30 21:34:11,35.18
2026-03-30 21:44:20,20.20
2026-03-30 21:53:03,11.10
2026-03-30 22:01:53,4.83
2026-03-30 22:08:14,13.43
2026-03-30 22:44:21,53.87
2026-03-31 07:40:42,2.48
2026-03-31 07:59:11,17.56
2026-03-31 08:39:16,9.36
2026-03-31 09:08:50,21.05
2026-03-31 09:21:11,6.52
2026-03-31 09:28:48,5.51
2026-03-31 10:02:54,14.85
2026-03-31 10:13:02,24.90
2026-03-31 11:51:04,7.14
2026-03-31 11:57:00,5.98
2026-03-31 12:18:04,30.21
2026-03-31 12:27:52,10.01
2026-03-31 13:05:37,13.19
2026-03-31 13:12:16,21.04
2026-03-31 13:36:52,6.32
2026-03-31 15:24:45,8.56
2026-03-31 16:06:07,20.83
2026-03-31 16:14:12,38.06
2026-03-31 16:59:53,26.38
2026-03-31 17:01:14,25.43
2026-03-31 17:06:44,7.69
2026-03-31 17:59:39,-34.31
2026-03-31 18:04:55,4.98
2026-03-31 18:38:40,31.72
2026-03-31 18:39:57,36.12
2026-03-31 18:49:26,15.53
2026-03-31 19:55:04,9.33
2026-03-31 20:59:04,8.65
2026-03-31 21:24:08,10.18
2026-03-31 21:27:40,17.38
2026-03-31 22:12:53,17.63
2026-03-31 22:14:03,30.63
2026-03-31 22:28:43,9.78
2026-03-31 22:32:22,19.80
2026-04-01 08:14:13,9.18
2026-04-01 08:51:06,4.36
2026-04-01 09:03:17,64.01
2026-04-01 10:03:22,23.06
2026-04-01 11:02:15,19.84
2026-04-01 13:07:23,37.26
2026-04-01 13:48:01,26.56
2026-04-01 13:58:08,15.63
2026-04-01 14:19:47,49.86
2026-04-01 14:28:45,5.51
2026-04-01 14:33:57,20.44
2026-04-01 15:17:37,15.57
2026-04-01 15:20:44,4.22
2026-04-01 15:51:48,3.09
2026-04-01 16:02:34,21.47
2026-04-01 16:23:49,2.46
2026-04-01 16:55:41,10.05
2026-04-01 17:29:27,-83.68
2026-04-01 17:46:53,11.01
2026-04-01 17:59:53,6.01
2026-04-01 18:57:58,3.61
2026-04-01 18:59:01,1.63
2026-04-01 19:11:42,9.04
2026-04-01 19:19:52,6.36
2026-04-01 19:24:28,15.82
2026-04-01 19:31:01,13.40
2026-04-01 19:46:59,20.29
2026-04-01 20:34:03,60.70
2026-04-01 20:45:39,4.50
2026-04-01 20:55:27,17.45
2026-04-01 21:07:01,20.70
2026-04-01 21:41:48,28.47
2026-04-01 22:17:05,18.66
2026-04-01 22:53:02,36.31
2026-04-02 07:06:38,42.28
2026-04-02 07:10:23,15.31
2026-04-02 08:18:59,19.57
2026-04-02 08:38:30,12.03
2026-04-02 08:42:46,18.74
2026-04-02 09:04:59,25.12
2026-04-02 09:58:23,20.38
2026-04-02 10:54:56,18.40
2026-04-02 11:01:20,30.17
2026-04-02 11:24:48,11.98
2026-04-02 11:58:37,37.90
2026-04-02 11:59:34,18.98
2026-04-02 12:50:18,-1942.40
2026-04-02 13:51:20,66.78
2026-04-02 13:53:36,9.50
2026-04-02 14:28:46,5.95
2026-04-02 14:36:32,5.81
2026-04-02 14:36:52,29.63
2026-04-02 14:49:58,40.46
2026-04-02 16:58:15,10.46
2026-04-02 17:15:51,5.25
2026-04-02 17:47:07,4.75
2026-04-02 18:13:24,9.36
2026-04-02 18:14:29,4.51
2026-04-02 18:21:26,21.84
2026-04-02 18:30:18,2.60
2026-04-02 18:35:32,44.44
2026-04-02 20:23:05,15.75
2026-04-02 20:34:46,16.57
2026-04-02 21:20:17,16.56
2026-04-02 21:50:26,6.91
2026-04-02 22:38:14,36.55
2026-04-03 07:15:08,5.41
2026-04-03 07:46:01,4.85
2026-04-03 08:19:28,15.12
2026-04-03 08:26:44,23.97
2026-04-03 08:40:40,11.97
2026-04-03 09:31:35,15.86
2026-04-03 09:33:54,1.74
2026-04-03 09:41:03,27.46
2026-04-03 10:22:44,15.44
2026-04-03 10:39:39,8.64
2026-04-03 11:31:52,29.35
2026-04-03 12:34:13,6.54
2026-04-03 12:46:31,13.82
2026-04-03 12:56:19,27.17
2026-04-03 12:58:23,4.18
2026-04-03 13:00:27,3.42
2026-04-03 13:10:53,9.99
2026-04-03 13:16:30,5.86
2026-04-03 13:23:34,3.46
2026-04-03 13:45:11,12.37
2026-04-03 14:00:02,16.97
2026-04-03 14:01:18,2.43
2026-04-03 14:07:56,0.90
2026-04-03 14:18:51,3.45
2026-04-03 14:21:40,4.06
2026-04-03 14:40:22,19.13
2026-04-03 14:56:18,28.62
2026-04-03 15:31:46,7.42
2026-04-03 15:32:13,47.45
2026-04-03 15:39:24,8.92
2026-04-03 15:58:03,19.01
2026-04-03 16:08:12,44.29
2026-04-03 16:26:28,22.54
2026-04-03 17:06:32,-75.41
2026-04-03 17:08:38,12.49
2026-04-03 17:15:42,9.60
2026-04-03 17:16:43,10.30
2026-04-03 17:26:13,15.57
2026-04-03 17:26:25,8.79
2026-04-03 17:58:22,8.55
2026-04-03 19:05:49,3.81
2026-04-03 19:38:22,18.27
2026-04-03 19:45:08,15.11
2026-04-03 19:55:14,6.17
2026-04-03 19:55:45,26.75
2026-04-03 20:03:35,12.61
2026-04-03 20:07:11,25.76
2026-04-03 20:14:36,18.66
2026-04-03 21:20:42,14.59
2026-04-03 21:27:25,7.22
2026-04-03 22:18:06,15.15
2026-04-03 22:31:50,26.59
2026-04-03 22:33:42,61.06
2026-04-03 22:38:26,28.59
2026-04-03 22:53:51,8.72
2026-04-04 07:12:28,9.35
2026-04-04 07:50:14,5.58
2026-04-04 07:59:12,9.28
2026-04-04 08:08:32,10.92
2026-04-04 08:39:29,26.21
2026-04-04 10:15:35,32.50
2026-04-04 11:06:46,15.94
2026-04-04 11:09:10,26.91
2026-04-04 11:10:33,6.60
2026-04-04 11:51:33,16.08
2026-04-04 12:01:55,38.46
2026-04-04 12:04:22,13.37
2026-04-04 12:59:47,7.22
2026-04-04 13:04:37,1.98
2026-04-04 13:05:59,10.85
2026-04-04 13:10:40,5.94
2026-04-04 13:17:11,22.79
2026-04-04 13:24:23,15.11
2026-04-04 13:39:35,21.55
2026-04-04 13:44:06,51.15
2026-04-04 13:59:21,10.76
2026-04-04 14:22:40,2.37
2026-04-04 15:18:52,29.70
2026-04-04 15:30:29,10.18
2026-04-04 15:36:06,9.99
2026-04-04 15:43:07,17.15
2026-04-04 15:45:09,15.26
2026-04-04 15:51:47,28.72
2026-04-04 16:23:39,19.69
2026-04-04 16:44:12,16.79
2026-04-04 17:04:57,10.26
2026-04-04 17:33:05,21.15
2026-04-04 18:19:53,13.30
2026-04-04 18:33:38,7.75
2026-04-04 18:46:27,17.61
2026-04-04 18:54:29,16.16
2026-04-04 19:21:36,15.04
2026-04-04 19:24:49,44.69
2026-04-04 19:45:30,12.99
2026-04-04 19:59:16,22.09
2026-04-04 20:11:09,37.48
2026-04-04 20:35:28,7.92
2026-04-04 20:37:46,12.24
2026-04-04 20:41:22,46.07
2026-04-04 21:21:06,7.58
2026-04-04 21:27:42,13.87
2026-04-04 22:00:20,29.64
2026-04-04 22:04:00,35.51
2026-04-04 22:13:10,47.20
2026-04-04 22:20:19,13.29
2026-04-04 22:44:50,8.06
2026-04-04 22:55:00,35.60
2026-04-05 07:21:53,37.17
2026-04-05 08:04:12,42.47
2026-04-05 08:17:38,38.13
2026-04-05 08:20:06,31.98
2026-04-05 09:11:28,16.55
2026-04-05 09:26:53,14.91
2026-04-05 10:03:28,1.85
2026-04-05 11:46:17,25.03
2026-04-05 12:57:37,3.05
2026-04-05 13:44:32,9.26
2026-04-05 15:54:12,17.75
2026-04-05 17:57:45,4.47
2026-04-05 18:33:00,21.06
2026-04-05 19:26:53,20.27
2026-04-06 07:10:26,13.62
2026-04-06 07:28:51,47.71
2026-04-06 08:20:44,42.86
2026-04-06 10:11:58,13.38
2026-04-06 10:33:42,1.70
2026-04-06 10:40:22,17.73
2026-04-06 12:30:08,21.50
2026-04-06 13:16:13,15.15
2026-04-06 13:44:27,21.79
2026-04-06 15:05:32,9.91
2026-04-06 16:13:21,6.12
2026-04-06 18:19:10,20.48
2026-04-06 18:36:24,68.72
2026-04-06 18:41:51,6.02
2026-04-06 19:09:34,27.12
2026-04-06 20:23:38,-34.49
2026-04-06 20:46:25,9.44
2026-04-06 21:16:02,2.50
2026-04-06 21:34:11,16.70
2026-04-06 21:37:20,36.50
2026-04-06 21:37:36,58.74
2026-04-06 22:21:21,19.28
2026-04-07 07:10:20,39.56
2026-04-07 07:31:41,4.44
2026-04-07 07:39:38,16.21
2026-04-07 08:19:27,9.45
2026-04-07 09:22:43,29.20
2026-04-07 10:29:51,31.67
2026-04-07 10:41:55,32.33
2026-04-07 11:36:32,46.72
2026-04-07 12:27:09,4.77
2026-04-07 13:02:13,13.05
2026-04-07 14:08:31,8.70
2026-04-07 14:23:23,11.95
2026-04-07 16:19:24,8.86
2026-04-07 16:27:05,38.61
2026-04-07 17:24:41,17.71
2026-04-07 17:32:52,60.70
2026-04-07 19:27:49,35.68
2026-04-07 19:43:29,16.35
2026-04-07 19:43:33,18.21
2026-04-07 19:51:51,5.33
2026-04-07 19:58:04,2.54
2026-04-07 20:11:10,18.49
2026-04-07 22:02:16,10.16
2026-04-08 07:11:47,15.51
2026-04-08 07:21:21,29.62
2026-04-08 08:23:36,15.60
2026-04-08 08:38:25,8.86
2026-04-08 09:21:59,15.82
2026-04-08 09:53:58,7.86
2026-04-08 12:17:32,51.10
2026-04-08 12:43:18,2.09
2026-04-08 13:01:50,15.22
2026-04-08 13:36:16,37.67
2026-04-08 14:01:45,18.20
2026-04-08 14:44:51,6.82
2026-04-08 15:00:26,29.48
2026-04-08 15:17:29,5.38
2026-04-08 15:46:41,16.24
2026-04-08 16:27:25,14.38
2026-04-08 16:39:32,3.83
2026-04-08 16:46:45,54.46
2026-04-08 17:06:14,37.58
2026-04-08 17:14:04,11.12
2026-04-08 17:34:24,5.07
2026-04-08 19:32:46,47.98
2026-04-08 20:07:50,9.51
2026-04-08 20:17:47,14.47
2026-04-08 20:42:08,38.92
2026-04-08 21:37:26,22.56
2026-04-08 22:13:48,33.58
2026-04-08 22:59:35,7.73
2026-04-09 07:13:36,11.67
2026-04-09 07:28:30,7.06
2026-04-09 08:18:51,8.99
2026-04-09 08:23:25,10.62
2026-04-09 08:43:43,12.40
2026-04-09 09:00:47,20.25
2026-04-09 09:29:57,18.20
2026-04-09 09:50:26,11.25
2026-04-09 10:06:09,22.39
2026-04-09 10:45:49,4.87
2026-04-09 10:46:10,15.18
2026-04-09 10:51:38,9.36
2026-04-09 11:09:33,19.55
2026-04-09 11:18:04,16.27
2026-04-09 11:47:51,25.52
2026-04-09 12:15:29,5.70
2026-04-09 12:29:32,28.31
2026-04-09 12:36:40,6.61
2026-04-09 13:16:06,29.66
2026-04-09 13:54:24,-26.72
2026-04-09 14:50:30,0.56
2026-04-09 15:21:18,1.99
2026-04-09 15:38:02,12.21
2026-04-09 15:48:52,20.70
2026-04-09 15:56:45,11.34
2026-04-09 16:01:14,20.31
2026-04-09 16:19:45,11.65
2026-04-09 16:30:45,13.70
2026-04-09 17:09:58,29.09
2026-04-09 17:41:44,23.55
2026-04-09 17:55:58,13.50
2026-04-09 18:26:42,7.40
2026-04-09 18:36:23,19.15
2026-04-09 19:53:52,30.04
2026-04-09 20:55:33,28.60
2026-04-09 21:15:50,3.65
2026-04-09 21:21:50,19.54
2026-04-09 21:27:50,30.39
2026-04-09 21:29:15,22.19
2026-04-09 21:43:18,7.75
2026-04-09 21:44:16,3.70
2026-04-09 22:48:15,12.48
2026-04-09 22:55:24,27.97
2026-04-10 08:40:21,9.87
2026-04-10 09:20:49,11.96
2026-04-10 10:04:15,4.92
2026-04-10 10:30:08,9.68
2026-04-10 11:20:10,16.86
2026-04-10 11:29:49,32.30
2026-04-10 11:37:19,5.28
2026-04-10 11:49:49,5.19
2026-04-10 12:20:33,7.77
2026-04-10 12:20:46,22.02
2026-04-10 12:54:10,6.43
2026-04-10 12:54:23,-2115.44
2026-04-10 13:13:42,5.91
2026-04-10 13:35:05,17.32
2026-04-10 13:36:43,18.46
2026-04-10 13:49:25,8.56
2026-04-10 13:51:13,4.03
2026-04-10 15:01:52,70.26
2026-04-10 15:14:59,41.80
2026-04-10 15:18:53,8.08
2026-04-10 15:30:59,12.66
2026-04-10 15:34:23,11.58
2026-04-10 15:35:33,4.75
2026-04-10 16:21:46,17.79
2026-04-10 16:23:09,23.57
2026-04-10 16:32:19,47.82
2026-04-10 16:44:01,12.00
2026-04-10 16:59:39,21.44
2026-04-10 17:28:19,38.65
2026-04-10 17:35:35,3.24
2026-04-10 17:49:33,12.68
2026-04-10 18:01:20,34.21
2026-04-10 18:41:51,9.73
2026-04-10 18:53:47,19.09
2026-04-10 19:03:06,9.33
2026-04-10 19:03:26,7.22
2026-04-10 19:44:58,21.53
2026-04-10 20:00:48,8.66
2026-04-10 20:36:25,18.45
2026-04-10 20:49:46,1.38
2026-04-10 20:50:24,4.86
2026-04-10 20:52:09,17.62
2026-04-10 21:15:20,34.08
2026-04-10 21:54:17,15.29
2026-04-10 21:59:18,10.25
2026-04-10 22:02:49,15.31
2026-04-10 22:06:43,16.59
2026-04-10 22:15:17,33.56
2026-04-10 22:41:38,20.55
2026-04-10 22:46:37,1.20
2026-04-11 07:19:30,18.17
2026-04-11 07:22:57,14.52
2026-04-11 07:34:08,9.98
2026-04-11 08:34:24,30.53
2026-04-11 08:47:55,17.20
2026-04-11 08:47:57,28.19
2026-04-11 08:51:34,27.21
2026-04-11 09:07:30,1.73
2026-04-11 10:07:35,41.72
2026-04-11 10:14:29,16.75
2026-04-11 10:15:14,33.75
2026-04-11 10:30:31,41.00
2026-04-11 10:43:10,7.18
2026-04-11 10:45:25,15.76
2026-04-11 11:20:27,9.07
2026-04-11 11:34:39,12.01
2026-04-11 11:36:55,41.56
2026-04-11 11:40:02,13.10
2026-04-11 11:51:09,23.96
2026-04-11 11:58:26,12.39
2026-04-11 12:10:06,5.83
2026-04-11 12:16:21,8.48
2026-04-11 12:23:10,7.48
2026-04-11 12:25:52,14.29
2026-04-11 13:08:14,4.79
2026-04-11 13:09:53,26.28
2026-04-11 13:11:00,37.17
2026-04-11 13:46:47,21.50
2026-04-11 14:05:26,3.30
2026-04-11 14:10:25,23.50
2026-04-11 14:42:05,35.11
2026-04-11 14:49:01,6.51
2026-04-11 14:53:59,11.54
2026-04-11 15:04:50,8.04
2026-04-11 15:08:20,21.54
2026-04-11 15:11:46,4.27
2026-04-11 15:41:49,33.85
2026-04-11 15:48:57,15.82
2026-04-11 16:08:55,15.88
2026-04-11 16:21:45,12.61
2026-04-11 16:56:39,16.53
2026-04-11 17:00:36,38.37
2026-04-11 17:21:57,16.36
2026-04-11 17:48:33,34.87
2026-04-11 18:12:40,8.58
2026-04-11 18:19:28,11.37
2026-04-11 18:27:41,41.18
2026-04-11 18:33:38,6.98
2026-04-11 18:34:14,15.18
2026-04-11 18:39:42,38.51
2026-04-11 18:42:09,10.08
2026-04-11 19:28:13,15.52
2026-04-11 19:40:03,16.78
2026-04-11 20:35:05,4.67
2026-04-11 20:54:12,12.39
2026-04-11 21:07:47,16.25
2026-04-11 21:08:54,40.95
2026-04-11 21:26:54,2.59
2026-04-11 21:39:16,13.12
2026-04-11 21:42:06,18.05
2026-04-11 21:42:37,29.58
2026-04-11 22:30:54,11.83
2026-04-11 22:49:35,7.56
2026-04-11 22:57:57,25.44
2026-04-12 08:24:53,31.09
2026-04-12 09:46:38,43.56
2026-04-12 10:34:47,22.14
2026-04-12 10:55:49,32.28
2026-04-12 12:56:45,47.06
2026-04-12 14:33:06,18.46
2026-04-12 15:07:40,4.83
2026-04-12 17:56:17,15.08
2026-04-12 18:15:55,8.83
2026-04-12 20:26:03,15.07
2026-04-12 21:09:04,12.69
2026-04-12 21:19:52,14.47
2026-04-12 21:27:37,8.51
2026-04-12 22:48:18,50.57
2026-04-12 22:53:44,36.09
2026-04-13 07:07:12,27.68
2026-04-13 09:12:05,5.17
2026-04-13 09:20:14,34.14
2026-04-13 09:45:38,11.91
2026-04-13 11:45:21,11.51
2026-04-13 12:10:20,4.78
2026-04-13 12:25:39,20.46
2026-04-13 12:48:24,13.74
2026-04-13 13:09:00,9.15
2026-04-13 13:16:54,4.69
2026-04-13 13:26:11,39.08
2026-04-13 14:15:56,14.62
2026-04-13 14:28:41,15.04
2026-04-13 14:35:09,1.96
2026-04-13 14:53:44,37.15
2026-04-13 15:01:31,4.62
2026-04-13 16:15:01,7.70
2026-04-13 16:39:36,38.74
2026-04-13 16:48:35,12.57
2026-04-13 16:58:32,17.31
2026-04-13 17:39:31,8.83
2026-04-13 18:25:08,45.58
2026-04-13 19:06:54,17.47
2026-04-13 19:40:36,21.79
2026-04-13 19:47:16,28.76
2026-04-13 19:54:16,12.92
2026-04-13 20:35:35,13.16
2026-04-13 21:51:16,-93.55
2026-04-13 21:52:02,2.03
2026-04-13 21:57:23,20.50
2026-04-13 22:22:21,8.59
2026-04-13 22:53:28,18.49
2026-04-14 07:20:24,2.44
2026-04-14 07:33:00,10.19
2026-04-14 07:56:38,27.31
2026-04-14 08:35:03,18.08
2026-04-14 08:59:34,4.04
2026-04-14 09:21:28,4.08
2026-04-14 10:22:43,33.76
2026-04-14 10:33:16,2.14
2026-04-14 10:51:59,7.37
2026-04-14 11:38:23,19.44
2026-04-14 11:54:21,47.19
2026-04-14 12:06:19,41.83
2026-04-14 12:12:40,28.13
2026-04-14 12:32:09,23.38
2026-04-14 12:37:33,5.15
2026-04-14 12:57:28,37.89
2026-04-14 13:22:06,9.58
2026-04-14 14:22:41,16.52
2026-04-14 15:25:12,9.31
2026-04-14 16:01:51,16.25
2026-04-14 16:59:18,2.54
2026-04-14 18:06:10,4.05
2026-04-14 18:11:45,5.25
2026-04-14 18:54:04,6.48
2026-04-14 19:44:30,30.56
2026-04-14 19:51:26,20.96
2026-04-14 20:56:16,20.72
2026-04-14 21:01:39,36.50
2026-04-14 22:05:11,13.30
2026-04-14 22:11:34,30.90
2026-04-15 07:26:52,9.85
2026-04-15 07:40:44,16.52
2026-04-15 07:57:15,35.50
2026-04-15 08:30:30,2.88
2026-04-15 08:53:24,8.16
2026-04-15 08:59:24,6.34
2026-04-15 09:15:27,19.92
2026-04-15 10:07:10,3.27
2026-04-15 10:07:14,15.27
2026-04-15 10:25:52,26.35
2026-04-15 10:59:18,24.63
2026-04-15 11:28:38,-50.05
2026-04-15 11:38:15,24.71
2026-04-15 12:05:48,28.60
2026-04-15 13:05:35,17.19
2026-04-15 13:52:49,22.72
2026-04-15 13:57:44,11.42
2026-04-15 14:04:40,9.98
2026-04-15 14:23:58,3.39
2026-04-15 15:06:48,18.40
2026-04-15 15:26:44,32.49
2026-04-15 15:43:45,10.73
2026-04-15 15:56:59,20.86
2026-04-15 16:13:56,27.67
2026-04-15 16:18:54,12.86
2026-04-15 17:10:47,19.90
2026-04-15 17:11:24,8.84
2026-04-15 19:02:09,16.12
2026-04-15 19:02:44,16.25
2026-04-15 19:18:34,2.17
2026-04-15 20:24:17,33.18
2026-04-15 20:43:36,4.46
2026-04-15 21:08:42,16.77
2026-04-15 22:04:11,7.25
2026-04-15 22:12:08,17.21
2026-04-15 22:16:38,12.62
2026-04-16 07:44:13,13.07
2026-04-16 07:58:55,9.81
2026-04-16 08:21:54,35.82
2026-04-16 08:43:06,19.17
2026-04-16 09:05:01,18.09
2026-04-16 09:20:59,15.48
2026-04-16 09:23:39,3.33
2026-04-16 10:51:35,18.36
2026-04-16 11:13:19,17.16
2026-04-16 11:30:06,2.44
2026-04-16 11:41:25,22.35
2026-04-16 11:48:59,31.55
2026-04-16 12:17:47,23.50
2026-04-16 12:18:19,16.14
2026-04-16 12:42:24,20.97
2026-04-16 13:09:26,49.04
2026-04-16 13:15:13,10.69
2026-04-16 13:21:35,22.43
2026-04-16 13:36:12,18.42
2026-04-16 16:13:25,13.57
2026-04-16 17:20:42,40.22
2026-04-16 17:29:15,23.75
2026-04-16 17:37:57,63.47
2026-04-16 18:12:47,7.73
2026-04-16 18:57:29,3.96
2026-04-16 19:08:46,7.48
2026-04-16 19:29:23,20.28
2026-04-16 19:36:42,4.04
2026-04-16 20:03:12,11.92
2026-04-16 20:11:28,34.74
2026-04-16 20:23:41,9.86
2026-04-16 21:19:57,53.17
2026-04-16 21:30:21,27.11
2026-04-16 22:20:39,19.68
2026-04-17 07:25:30,4.82
2026-04-17 07:27:50,10.63
2026-04-17 08:22:06,16.87
2026-04-17 08:39:48,21.59
2026-04-17 09:20:37,19.13
2026-04-17 09:20:45,24.85
2026-04-17 09:31:22,1.50
2026-04-17 09:36:16,6.35
2026-04-17 11:15:33,3.22
2026-04-17 11:17:21,7.84
2026-04-17 11:20:50,17.02
2026-04-17 11:23:36,24.42
2026-04-17 11:25:23,22.99
2026-04-17 11:33:18,3.80
2026-04-17 11:47:48,43.23
2026-04-17 11:50:20,8.82
2026-04-17 12:02:44,5.64
2026-04-17 12:04:03,16.87
2026-04-17 12:09:37,14.70
2026-04-17 12:13:06,11.98
2026-04-17 12:25:40,19.35
2026-04-17 12:31:36,-80.07
2026-04-17 12:31:42,5.88
2026-04-17 13:01:31,8.31
2026-04-17 13:11:54,4.48
2026-04-17 13:14:37,1.66
2026-04-17 14:13:20,14.12
2026-04-17 14:33:00,17.45
2026-04-17 14:45:37,4.60
2026-04-17 14:58:55,13.29
2026-04-17 15:14:12,32.42
2026-04-17 15:18:48,10.30
2026-04-17 15:52:22,13.53
2026-04-17 16:13:27,7.56
2026-04-17 16:38:26,8.30
2026-04-17 16:40:10,2.80
2026-04-17 16:48:31,19.03
2026-04-17 17:28:22,8.57
2026-04-17 17:34:47,7.63
2026-04-17 17:36:50,3.47
2026-04-17 17:40:19,57.58
2026-04-17 17:40:58,17.69
2026-04-17 17:44:12,7.88
2026-04-17 17:46:23,22.39
2026-04-17 17:48:14,11.56
2026-04-17 18:26:29,23.32
2026-04-17 18:44:43,66.56
2026-04-17 19:10:19,12.71
2026-04-17 19:26:01,1.04
2026-04-17 19:29:55,20.76
2026-04-17 19:55:40,13.32
2026-04-17 20:05:43,9.73
2026-04-17 20:31:00,21.21
2026-04-17 20:39:07,6.08
2026-04-17 21:00:47,10.50
2026-04-17 21:20:59,8.11
2026-04-17 21:23:26,33.94
2026-04-17 21:28:09,9.56
2026-04-17 22:04:01,19.19
2026-04-17 22:23:31,30.32
2026-04-17 22:27:27,27.96
2026-04-17 22:38:18,9.76
2026-04-17 22:38:46,41.01
2026-04-17 22:50:17,12.49
2026-04-17 22:51:13,19.46
2026-04-18 07:02:31,5.74
2026-04-18 07:16:59,21.17
2026-04-18 07:17:59,18.77
2026-04-18 07:19:28,13.13
2026-04-18 07:39:03,3.64
2026-04-18 07:41:02,15.56
2026-04-18 07:56:59,31.79
2026-04-18 08:18:23,14.50
2026-04-18 08:33:06,1.94
2026-04-18 08:42:04,20.01
2026-04-18 09:38:16,16.57
2026-04-18 09:38:23,15.62
2026-04-18 09:44:19,14.74
2026-04-18 10:05:46,1.79
2026-04-18 10:14:40,17.24
2026-04-18 10:19:09,36.00
2026-04-18 10:31:09,6.17
2026-04-18 10:52:12,18.48
2026-04-18 10:56:00,27.85
2026-04-18 11:13:04,8.40
2026-04-18 11:20:47,7.57
2026-04-18 11:21:59,18.20
2026-04-18 11:38:21,27.35
2026-04-18 11:52:43,9.63
2026-04-18 11:52:49,-1711.79
2026-04-18 11:52:50,5.66
2026-04-18 12:06:03,2.98
2026-04-18 12:23:42,35.82
2026-04-18 12:47:14,11.84
2026-04-18 12:54:51,16.82
2026-04-18 12:56:02,5.77
2026-04-18 13:07:58,26.64
2026-04-18 13:27:47,36.10
2026-04-18 13:45:00,9.30
2026-04-18 13:52:44,19.00
2026-04-18 14:04:39,15.14
2026-04-18 14:29:55,13.61
2026-04-18 14:44:28,3.25
2026-04-18 14:48:25,25.46
2026-04-18 15:01:42,17.31
2026-04-18 15:17:01,5.36
2026-04-18 15:29:59,4.68
2026-04-18 15:45:18,11.55
2026-04-18 15:55:12,2.88
2026-04-18 16:49:02,18.87
2026-04-18 16:52:13,11.42
2026-04-18 17:31:07,2.41
2026-04-18 17:32:58,16.05
2026-04-18 17:46:53,27.23
2026-04-18 18:04:17,5.33
2026-04-18 18:13:41,20.22
2026-04-18 18:26:11,16.87
2026-04-18 18:35:59,6.63
2026-04-18 18:41:29,24.19
2026-04-18 18:46:35,13.10
2026-04-18 18:47:26,2.84
2026-04-18 18:49:18,7.41
2026-04-18 19:05:52,9.73
2026-04-18 19:14:36,22.46
2026-04-18 19:23:29,2.44
2026-04-18 19:33:42,27.60
2026-04-18 19:43:24,24.49
2026-04-18 19:46:36,5.25
2026-04-18 20:11:00,25.50
2026-04-18 20:23:27,22.19
2026-04-18 20:35:44,7.47
2026-04-18 20:41:01,9.55
2026-04-18 20:53:29,10.82
2026-04-18 20:56:07,4.65
2026-04-18 21:09:53,7.88
2026-04-18 21:48:34,10.80
2026-04-18 21:52:30,11.57
2026-04-18 22:04:46,16.78
2026-04-18 22:11:00,8.09
2026-04-18 22:12:51,8.63
2026-04-18 22:43:34,29.22
2026-04-18 22:50:14,12.04
2026-04-19 07:28:31,9.13
2026-04-19 08:16:37,1.02
2026-04-19 08:17:27,5.87
2026-04-19 08:19:11,10.56
2026-04-19 10:05:16,-48.78
2026-04-19 10:06:10,10.55
2026-04-19 10:26:30,14.21
2026-04-19 10:44:33,9.63
2026-04-19 11:08:47,17.86
2026-04-19 11:53:04,26.65
2026-04-19 12:02:18,9.83
2026-04-19 12:49:24,21.92
2026-04-19 13:30:31,11.70
2026-04-19 14:00:24,44.40
2026-04-19 14:21:55,7.48
2026-04-19 17:27:07,13.18
2026-04-19 18:40:34,21.86
2026-04-19 18:50:44,23.10
2026-04-19 19:51:59,12.55
2026-04-19 20:01:45,18.30
2026-04-19 21:18:54,17.42
2026-04-19 21:51:44,19.11
2026-04-19 22:11:57,8.68
2026-04-19 22:14:45,7.32
2026-04-20 07:26:04,11.51
2026-04-20 08:23:17,2.01
2026-04-20 09:16:40,9.13
2026-04-20 09:27:38,36.89
2026-04-20 09:44:31,28.72
2026-04-20 09:45:57,47.40
2026-04-20 11:30:21,11.99
2026-04-20 11:30:39,6.51
2026-04-20 11:49:41,18.76
2026-04-20 12:15:38,28.25
2026-04-20 13:22:19,16.46
2026-04-20 13:38:27,-47.92
2026-04-20 13:52:21,11.10
2026-04-20 14:20:59,34.27
2026-04-20 14:47:58,13.19
2026-04-20 15:59:17,24.12
2026-04-20 16:31:49,24.13
2026-04-20 16:38:32,5.83
2026-04-20 17:19:53,15.71
2026-04-20 17:34:33,37.94
2026-04-20 17:58:15,34.16
2026-04-20 17:58:19,16.41
2026-04-20 18:25:28,23.95
2026-04-20 19:17:29,14.13
2026-04-20 19:48:55,37.64
2026-04-20 20:41:55,11.26
2026-04-20 22:32:31,24.27
2026-04-21 07:24:36,30.13
2026-04-21 07:31:27,1.82
2026-04-21 09:26:45,27.19
2026-04-21 09:28:45,7.67
2026-04-21 09:38:53,13.74
2026-04-21 10:06:15,6.88
2026-04-21 12:05:36,20.73
2026-04-21 12:58:14,16.65
2026-04-21 13:23:09,15.52
2026-04-21 14:06:54,11.84
2026-04-21 14:41:44,9.32
2026-04-21 14:42:19,8.35
2026-04-21 15:06:00,27.64
2026-04-21 15:13:56,17.88
2026-04-21 15:15:45,5.23
2026-04-21 15:51:31,35.68
2026-04-21 16:57:14,29.34
2026-04-21 17:20:01,8.55
2026-04-21 17:22:25,4.68
2026-04-21 18:23:24,11.22
2026-04-21 19:01:34,5.15
2026-04-21 19:10:50,5.57
2026-04-21 19:13:13,30.94
2026-04-21 19:28:13,52.31
2026-04-21 19:38:56,2.54
2026-04-21 19:53:28,13.21
2026-04-21 19:54:39,8.55
2026-04-21 20:14:15,26.85
2026-04-21 20:37:55,21.80
2026-04-21 21:28:09,14.46
2026-04-21 21:39:10,7.25
2026-04-21 21:58:27,17.51
2026-04-21 22:01:43,3.24
2026-04-21 22:27:50,3.46
2026-04-21 22:32:39,38.32
2026-04-22 07:13:27,9.83
2026-04-22 08:13:04,21.48
2026-04-22 08:15:09,6.33
2026-04-22 08:22:29,17.56
2026-04-22 10:18:23,47.53
2026-04-22 10:38:57,12.36
2026-04-22 11:01:57,6.98
2026-04-22 11:28:55,8.45
2026-04-22 11:41:50,17.86
2026-04-22 11:47:45,3.73
2026-04-22 12:00:06,23.75
2026-04-22 13:40:33,37.76
2026-04-22 14:57:28,8.65
2026-04-22 15:03:01,0.23
2026-04-22 15:31:25,7.52
2026-04-22 16:22:52,48.97
2026-04-22 16:23:01,4.55
2026-04-22 16:25:15,24.64
2026-04-22 17:12:19,5.09
2026-04-22 17:31:12,10.25
2026-04-22 18:01:28,13.32
2026-04-22 18:53:19,45.52
2026-04-22 18:56:13,5.51
2026-04-22 19:21:51,13.60
2026-04-22 19:48:16,12.42
2026-04-22 19:56:41,17.21
2026-04-22 20:04:38,6.42
2026-04-22 20:10:32,16.21
2026-04-22 20:24:24,4.48
2026-04-22 21:08:26,33.23
2026-04-22 21:22:39,12.04
2026-04-22 21:45:29,3.74
2026-04-22 22:02:59,20.23
2026-04-22 22:04:22,8.92
2026-04-22 22:08:51,47.15
2026-04-23 07:09:34,14.81
2026-04-23 08:27:25,30.01
2026-04-23 09:06:05,9.65
2026-04-23 09:49:20,11.24
2026-04-23 09:50:47,43.76
2026-04-23 09:59:50,16.94
2026-04-23 10:44:34,17.03
2026-04-23 11:03:00,25.55
2026-04-23 11:35:14,28.63
2026-04-23 12:21:10,30.65
2026-04-23 13:25:27,45.21
2026-04-23 13:53:23,-17.61
2026-04-23 14:10:39,14.67
2026-04-23 14:18:15,23.84
2026-04-23 14:31:56,10.07
2026-04-23 14:56:15,25.97
2026-04-23 15:06:52,26.46
2026-04-23 16:51:55,49.60
2026-04-23 17:19:05,11.35
2026-04-23 17:37:24,34.96
2026-04-23 18:07:19,12.30
2026-04-23 18:26:47,45.68
2026-04-23 19:03:37,31.28
2026-04-23 19:26:36,9.15
2026-04-23 20:09:26,11.95
2026-04-23 20:31:57,2.88
2026-04-23 21:57:09,9.55
2026-04-23 22:01:21,45.12
2026-04-23 22:59:25,7.85
2026-04-23 22:59:42,8.68
2026-04-24 07:15:04,14.04
2026-04-24 07:27:03,30.92
2026-04-24 07:33:14,29.92
2026-04-24 08:14:52,17.13
2026-04-24 08:29:46,13.06
2026-04-24 08:31:37,16.81
2026-04-24 08:52:14,14.10
2026-04-24 09:04:09,1.39
2026-04-24 09:30:53,4.73
2026-04-24 09:51:51,18.97
2026-04-24 10:08:59,48.37
2026-04-24 10:54:59,14.25
2026-04-24 12:23:06,21.37
2026-04-24 13:00:43,16.05
2026-04-24 13:27:49,5.36
2026-04-24 13:34:42,31.08
2026-04-24 14:28:16,20.57
2026-04-24 14:30:01,46.80
2026-04-24 14:59:20,42.52
2026-04-24 14:59:24,34.70
2026-04-24 15:10:42,48.98
2026-04-24 15:11:07,41.89
2026-04-24 15:25:16,19.47
2026-04-24 15:33:25,33.83
2026-04-24 15:34:52,36.07
2026-04-24 16:19:34,11.95
2026-04-24 16:34:48,72.40
2026-04-24 16:42:16,34.53
2026-04-24 16:49:07,36.77
2026-04-24 16:49:38,10.64
2026-04-24 16:57:41,12.15
2026-04-24 17:01:26,12.42
2026-04-24 17:11:34,30.13
2026-04-24 20:01:32,13.88
2026-04-24 20:05:21,3.74
2026-04-24 20:10:57,11.02
2026-04-24 20:13:46,3.41
2026-04-24 20:59:29,7.23
2026-04-24 21:02:18,20.29
2026-04-24 21:05:22,-64.15
2026-04-24 21:15:25,45.25
2026-04-24 21:21:07,9.38
2026-04-24 21:32:07,32.09
2026-04-25 07:04:36,4.60
2026-04-25 07:09:01,8.30
2026-04-25 07:30:12,56.02
2026-04-25 07:30:50,3.24
2026-04-25 07:42:17,12.93
2026-04-25 07:44:04,22.72
2026-04-25 07:59:53,15.81
2026-04-25 08:13:29,58.09
2026-04-25 08:16:00,22.01
2026-04-25 08:47:29,40.05
2026-04-25 09:06:43,32.89
2026-04-25 09:21:59,13.59
2026-04-25 09:37:29,0.78
2026-04-25 09:51:16,11.68
2026-04-25 10:05:32,6.24
2026-04-25 10:15:57,4.63
2026-04-25 10:17:55,14.84
2026-04-25 10:36:57,4.89
2026-04-25 10:40:36,41.72
2026-04-25 10:56:18,9.71
2026-04-25 11:01:49,13.47
2026-04-25 11:07:17,12.09
2026-04-25 11:13:24,13.51
2026-04-25 11:14:26,28.07
2026-04-25 11:18:17,39.71
2026-04-25 12:01:47,7.06
2026-04-25 12:06:46,22.08
2026-04-25 12:27:49,27.65
2026-04-25 12:40:31,13.23
2026-04-25 13:11:52,28.87
2026-04-25 13:23:06,11.21
2026-04-25 14:02:30,16.37
2026-04-25 14:20:02,24.22
2026-04-25 14:28:12,50.81
2026-04-25 14:31:31,13.84
2026-04-25 14:34:21,14.18
2026-04-25 14:39:07,24.37
2026-04-25 14:41:31,2.78
2026-04-25 14:47:13,0.96
2026-04-25 14:48:42,5.37
2026-04-25 14:59:36,35.13
2026-04-25 15:00:27,5.67
2026-04-25 15:00:27,6.68
2026-04-25 15:27:03,15.20
2026-04-25 15:34:10,19.61
2026-04-25 15:37:12,3.18
2026-04-25 15:53:30,52.03
2026-04-25 16:13:26,4.30
2026-04-25 16:16:51,33.22
2026-04-25 16:46:48,31.33
2026-04-25 16:47:25,13.44
2026-04-25 17:22:30,18.69
2026-04-25 17:49:44,11.31
2026-04-25 18:06:24,11.07
2026-04-25 18:12:55,31.25
2026-04-25 18:19:41,28.09
2026-04-25 18:33:16,6.81
2026-04-25 18:59:22,28.31
2026-04-25 19:14:35,12.66
2026-04-25 19:17:10,22.73
2026-04-25 19:42:53,16.37
2026-04-25 20:07:17,9.21
2026-04-25 20:16:44,22.26
2026-04-25 20:34:47,1.88
2026-04-25 20:36:21,22.14
2026-04-25 20:56:21,8.35
2026-04-25 21:10:03,8.54
2026-04-25 21:35:44,5.79
2026-04-25 21:42:12,15.15
2026-04-25 21:45:08,20.16
2026-04-25 21:57:13,8.61
2026-04-25 22:14:27,10.92
2026-04-25 22:14:28,6.77
2026-04-25 22:39:12,4.38
2026-04-25 22:52:13,10.55
